{
  "Central Valley Fuego FC": {
    "explanation": "Central Valley Fuego FC is classified under Possession Dominant primarily due to its above-average Possession Volume (Z-score: +0.9) and below-average Passing Impact (g+) (Z-score: -1.4).",
    "hybrid_flag": false,
    "hybrid_margin": 0.055131431319535275,
    "identity": "Possession Dominant",
    "metric": "Possession Volume",
    "primary_cluster_id": 3,
    "primary_identity": "Possession Dominant",
    "scores": {
      "Advanced Receiving": 0.2603746469599359,
      "Direct Attacking": 0.18877909409105056,
      "High-Disruption Defense": 0.22208812556510338,
      "High-Efficiency Passing": 0.2518116518755941,
      "High-Line Pressing": 0.26023616134304367,
      "Possession Dominant": 0.27556705307563334
    },
    "secondary_identity": "Advanced Receiving",
    "trait_scores": {
      "attempted_passes_for": 0.8880489072392141,
      "avg_vertical_distance_against": 0.9172295375055464,
      "avg_vertical_distance_for": -0.42464043744424157,
      "claiming": -1.0240872343565322,
      "dribbling": 1.2672224717567724,
      "interrupting": -1.1134251494225054,
      "pass_completion_percentage_for": 0.5451310930852418,
      "passing": -1.3827447464275415,
      "receiving": -0.010953638946205888
    },
    "z_score": 0.8880489072392141
  },
  "Charlotte Independence": {
    "explanation": "Charlotte Independence is classified under High-Efficiency Passing primarily due to its above-average Claiming Impact (g+) (Z-score: +1.3) and above-average Possession Quality (Z-score: +0.9).",
    "hybrid_flag": false,
    "hybrid_margin": 0.10280169223657061,
    "identity": "High-Efficiency Passing",
    "metric": "Claiming Impact (g+)",
    "primary_cluster_id": 2,
    "primary_identity": "High-Efficiency Passing",
    "scores": {
      "Advanced Receiving": 0.2273107142794673,
      "Direct Attacking": 0.17893425634590462,
      "High-Disruption Defense": 0.2867642686969089,
      "High-Efficiency Passing": 0.33544005468396176,
      "High-Line Pressing": 0.21977619344429605,
      "Possession Dominant": 0.300956249315721
    },
    "secondary_identity": "Possession Dominant",
    "trait_scores": {
      "attempted_passes_for": 0.7715282346741886,
      "avg_vertical_distance_against": -1.2962054750319545,
      "avg_vertical_distance_for": -0.6766739117268891,
      "claiming": 1.2670275602777303,
      "dribbling": 0.17509048995399562,
      "interrupting": -0.5499762330625887,
      "pass_completion_percentage_for": 0.8584586943360404,
      "passing": -0.0060931442765095115,
      "receiving": 0.4499370292474799
    },
    "z_score": 1.2670275602777303
  },
  "Chattanooga Red Wolves SC": {
    "explanation": "Chattanooga Red Wolves SC is classified under High-Efficiency Passing primarily due to its below-average Attacking Directness (Z-score: -0.9) and above-average Possession Quality (Z-score: +0.7).",
    "hybrid_flag": true,
    "hybrid_margin": 0.022033462522326148,
    "identity": "High-Efficiency Passing",
    "metric": "Attacking Directness",
    "primary_cluster_id": 2,
    "primary_identity": "High-Efficiency Passing",
    "scores": {
      "Advanced Receiving": 0.19825016287574887,
      "Direct Attacking": 0.17370530148732016,
      "High-Disruption Defense": 0.24005301383436803,
      "High-Efficiency Passing": 0.27292464360830226,
      "High-Line Pressing": 0.25666754385522805,
      "Possession Dominant": 0.26691116867990605
    },
    "secondary_identity": "Possession Dominant",
    "trait_scores": {
      "attempted_passes_for": 0.6208184243283273,
      "avg_vertical_distance_against": 0.9170541742499188,
      "avg_vertical_distance_for": -0.9013243886219964,
      "claiming": 0.5251045384464046,
      "dribbling": 1.1555007269939428,
      "interrupting": -0.028585201139629732,
      "pass_completion_percentage_for": 0.6711824269217674,
      "passing": -1.01354645206499,
      "receiving": -1.7096603244678283
    },
    "z_score": -0.9013243886219964
  },
  "FC Tucson": {
    "explanation": "FC Tucson is classified under High-Disruption Defense primarily due to its above-average Defensive Disruption (g+) (Z-score: +0.8) and below-average Receiving Impact (g+) (Z-score: -0.5).",
    "hybrid_flag": true,
    "hybrid_margin": 0.028133025105019718,
    "identity": "High-Disruption Defense",
    "metric": "Defensive Disruption (g+)",
    "primary_cluster_id": 0,
    "primary_identity": "High-Disruption Defense",
    "scores": {
      "Advanced Receiving": 0.23204147342608075,
      "Direct Attacking": 0.22104684589442097,
      "High-Disruption Defense": 0.4162413257017185,
      "High-Efficiency Passing": 0.40453119800787235,
      "High-Line Pressing": 0.28713064687190454,
      "Possession Dominant": 0.293655707593396
    },
    "secondary_identity": "High-Efficiency Passing",
    "trait_scores": {
      "attempted_passes_for": 0.39231371478842575,
      "avg_vertical_distance_against": -0.2720840621640257,
      "avg_vertical_distance_for": -0.13936272218608522,
      "claiming": -0.26437490803687197,
      "dribbling": -0.26547476997462394,
      "interrupting": 0.7543257977240725,
      "pass_completion_percentage_for": 0.29302842541218643,
      "passing": -0.9309856180301825,
      "receiving": -0.5110540205821413
    },
    "z_score": 0.7543257977240725
  },
  "Forward Madison FC": {
    "explanation": "Forward Madison FC is classified under Possession Dominant primarily due to its above-average Possession Volume (Z-score: +1.7) and above-average Possession Quality (Z-score: +1.6).",
    "hybrid_flag": false,
    "hybrid_margin": 0.1207203243607665,
    "identity": "Possession Dominant",
    "metric": "Possession Volume",
    "primary_cluster_id": 3,
    "primary_identity": "Possession Dominant",
    "scores": {
      "Advanced Receiving": 0.1866699316565568,
      "Direct Attacking": 0.1493170507844589,
      "High-Disruption Defense": 0.23382909453552306,
      "High-Efficiency Passing": 0.24773417054876717,
      "High-Line Pressing": 0.1680742619946115,
      "Possession Dominant": 0.2817467269323444
    },
    "secondary_identity": "High-Efficiency Passing",
    "trait_scores": {
      "attempted_passes_for": 1.7462437504517563,
      "avg_vertical_distance_against": -0.9940545855847899,
      "avg_vertical_distance_for": -1.4196781184329648,
      "claiming": -0.20987882627047688,
      "dribbling": -1.518202243338179,
      "interrupting": 0.22194558230913092,
      "pass_completion_percentage_for": 1.6183681640362457,
      "passing": 0.6003289978740423,
      "receiving": -0.6632956930967279
    },
    "z_score": 1.7462437504517563
  },
  "Greenville Triumph SC": {
    "explanation": "Greenville Triumph SC is classified under High-Disruption Defense primarily due to its below-average Opponent Directness (Z-score: -0.9) and below-average Possession Volume (Z-score: -1.0).",
    "hybrid_flag": false,
    "hybrid_margin": 0.10973664220884789,
    "identity": "High-Disruption Defense",
    "metric": "Opponent Directness",
    "primary_cluster_id": 0,
    "primary_identity": "High-Disruption Defense",
    "scores": {
      "Advanced Receiving": 0.21156561518092085,
      "Direct Attacking": 0.28914253386593464,
      "High-Disruption Defense": 0.3247831458469411,
      "High-Efficiency Passing": 0.27726539650559096,
      "High-Line Pressing": 0.2426814563404696,
      "Possession Dominant": 0.172399098329813
    },
    "secondary_identity": "Direct Attacking",
    "trait_scores": {
      "attempted_passes_for": -0.9582010597824804,
      "avg_vertical_distance_against": -0.9249614628673293,
      "avg_vertical_distance_for": 0.7407396353198166,
      "claiming": 0.7655682622304756,
      "dribbling": -0.4733910355128188,
      "interrupting": 0.6047162446730383,
      "pass_completion_percentage_for": -1.0863333134275295,
      "passing": 1.0420136386570316,
      "receiving": 0.29728852653338905
    },
    "z_score": -0.9249614628673293
  },