{
  "Central Valley Fuego FC": {
    "explanation": "Central Valley Fuego FC is classified under Progressive Dribbling primarily due to its above-average Opponent Directness (Z-score: +1.2) and above-average Dribbling Impact (g+) (Z-score: +0.8).",
    "hybrid_flag": false,
    "hybrid_margin": 0.23871621182258246,
    "identity": "Progressive Dribbling",
    "metric": "Opponent Directness",
    "primary_cluster_id": 3,
    "primary_identity": "Progressive Dribbling",
    "scores": {
      "Balanced Systems": 0.2439198974108765,
      "Direct Attacking": 0.23458708209773502,
      "High-Disruption Defense": 0.2536436684527248,
      "High-Efficiency Passing": 0.237051308282875,
      "High-Line Pressing": 0.2055796902482281,
      "Progressive Dribbling": 0.333178865267428
    },
    "secondary_identity": "High-Disruption Defense",
    "trait_scores": {
      "attempted_passes_for": 0.06995623518730709,
      "avg_vertical_distance_against": 1.1866118567329729,
      "avg_vertical_distance_for": 0.09635995655369045,
      "claiming": -1.4440586822033794,
      "dribbling": 0.8366162307256964,
      "interrupting": -0.7972962495667185,
      "pass_completion_percentage_for": 0.3336717777725009,
      "passing": -0.11249320312621021,
      "receiving": -0.10960551276048831
    },
    "z_score": 1.1866118567329729
  },
  "Charlotte Independence": {
    "explanation": "Charlotte Independence is classified under High-Disruption Defense primarily due to its above-average Passing Impact (g+) (Z-score: +0.6) and above-average Possession Quality (Z-score: +0.6).",
    "hybrid_flag": false,
    "hybrid_margin": 0.055373906670206106,
    "identity": "High-Disruption Defense",
    "metric": "Passing Impact (g+)",
    "primary_cluster_id": 2,
    "primary_identity": "High-Disruption Defense",
    "scores": {
      "Balanced Systems": 0.24020354876345237,
      "Direct Attacking": 0.22632165161100598,
      "High-Disruption Defense": 0.3287579338033245,
      "High-Efficiency Passing": 0.3105533226044355,
      "High-Line Pressing": 0.17367649484608355,
      "Progressive Dribbling": 0.30888450606609613
    },
    "secondary_identity": "High-Efficiency Passing",
    "trait_scores": {
      "attempted_passes_for": 0.16736800562450635,
      "avg_vertical_distance_against": -0.13900833450468592,
      "avg_vertical_distance_for": -0.12238502297481973,
      "claiming": 1.3618014283554054,
      "dribbling": -0.004738828734870154,
      "interrupting": -0.5581472885461132,
      "pass_completion_percentage_for": 0.5622671704940142,
      "passing": 0.6374337515816159,
      "receiving": 0.18893003150380477
    },
    "z_score": 0.6374337515816159
  },
  "Chattanooga Red Wolves SC": {
    "explanation": "Chattanooga Red Wolves SC is classified under Progressive Dribbling primarily due to its above-average Opponent Directness (Z-score: +1.2) and above-average Dribbling Impact (g+) (Z-score: +0.9).",
    "hybrid_flag": false,
    "hybrid_margin": 0.2000569129478962,
    "identity": "Progressive Dribbling",
    "metric": "Opponent Directness",
    "primary_cluster_id": 3,
    "primary_identity": "Progressive Dribbling",
    "scores": {
      "Balanced Systems": 0.24962048722130467,
      "Direct Attacking": 0.227596733242404,
      "High-Disruption Defense": 0.28591489180991875,
      "High-Efficiency Passing": 0.29384271429216674,
      "High-Line Pressing": 0.19033944824564644,
      "Progressive Dribbling": 0.36732952537295244
    },
    "secondary_identity": "High-Efficiency Passing",
    "trait_scores": {
      "attempted_passes_for": 0.37637007912318726,
      "avg_vertical_distance_against": 1.1865068321575303,
      "avg_vertical_distance_for": -0.31736374200949863,
      "claiming": 0.46991291809846863,
      "dribbling": 0.8637059463752401,
      "interrupting": -0.23037296800697207,
      "pass_completion_percentage_for": 0.42563544151103894,
      "passing": 0.2555387476982674,
      "receiving": -0.5498542010808026
    },
    "z_score": 1.1865068321575303
  },
  "FC Tucson": {
    "explanation": "FC Tucson is classified under Progressive Dribbling primarily due to its above-average Opponent Directness (Z-score: +0.5) and below-average Receiving Impact (g+) (Z-score: -0.3).",
    "hybrid_flag": false,
    "hybrid_margin": 0.16848844289171283,
    "identity": "Progressive Dribbling",
    "metric": "Opponent Directness",
    "primary_cluster_id": 3,
    "primary_identity": "Progressive Dribbling",
    "scores": {
      "Balanced Systems": 0.2821272346136865,
      "Direct Attacking": 0.2859852937996611,
      "High-Disruption Defense": 0.3693612829821833,
      "High-Efficiency Passing": 0.26942152865908575,
      "High-Line Pressing": 0.21400093394930159,
      "Progressive Dribbling": 0.44420462950050144
    },
    "secondary_identity": "High-Disruption Defense",
    "trait_scores": {
      "attempted_passes_for": -0.03454480156203334,
      "avg_vertical_distance_against": 0.47433518608063513,
      "avg_vertical_distance_for": 0.34395828912320675,
      "claiming": -0.5288019140357807,
      "dribbling": -0.3618175277984868,
      "interrupting": -0.28924238142369624,
      "pass_completion_percentage_for": 0.14974445029542194,
      "passing": 0.10765359040812764,
      "receiving": -0.3122118787731078
    },
    "z_score": 0.47433518608063513
  },
  "Forward Madison FC": {
    "explanation": "Forward Madison FC is classified under High-Disruption Defense primarily due to its below-average Dribbling Impact (g+) (Z-score: -1.3) and above-average Passing Impact (g+) (Z-score: +0.9).",
    "hybrid_flag": false,
    "hybrid_margin": 0.18936914464124896,
    "identity": "High-Disruption Defense",
    "metric": "Dribbling Impact (g+)",
    "primary_cluster_id": 2,
    "primary_identity": "High-Disruption Defense",
    "scores": {
      "Balanced Systems": 0.22575020744340143,
      "Direct Attacking": 0.20921866063355665,
      "High-Disruption Defense": 0.3170888303142339,
      "High-Efficiency Passing": 0.2554420615776651,
      "High-Line Pressing": 0.16605087801253135,
      "Progressive Dribbling": 0.25704198955296415
    },
    "secondary_identity": "Progressive Dribbling",
    "trait_scores": {
      "attempted_passes_for": 0.2508638088563914,
      "avg_vertical_distance_against": 0.041949008983072335,
      "avg_vertical_distance_for": -0.7672534891502573,
      "claiming": -0.46314823704868235,
      "dribbling": -1.3413396757039975,
      "interrupting": -0.43405709999074843,
      "pass_completion_percentage_for": 1.1166766861749204,
      "passing": 0.8538786944353833,
      "receiving": -0.3738897601675643
    },
    "z_score": -1.3413396757039975
  },
  "Greenville Triumph SC": {
    "explanation": "Greenville Triumph SC is classified under Direct Attacking primarily due to its above-average Attacking Directness (Z-score: +1.1) and below-average Possession Quality (Z-score: -0.9).",
    "hybrid_flag": false,
    "hybrid_margin": 0.10128595524079796,
    "identity": "Direct Attacking",
    "metric": "Attacking Directness",
    "primary_cluster_id": 5,
    "primary_identity": "Direct Attacking",
    "scores": {
      "Balanced Systems": 0.22133039886514033,
      "Direct Attacking": 0.34267504071858323,
      "High-Disruption Defense": 0.30796687178093624,
      "High-Efficiency Passing": 0.2141680701303632,
      "High-Line Pressing": 0.19322062962753145,
      "Progressive Dribbling": 0.30333930776042506
    },
    "secondary_identity": "High-Disruption Defense",
    "trait_scores": {
      "attempted_passes_for": -0.20941337059484927,
      "avg_vertical_distance_against": 0.08332869170749356,
      "avg_vertical_distance_for": 1.107817029409901,
      "claiming": 0.7375351098848607,
      "dribbling": -0.5286958993790389,
      "interrupting": -0.23358536194146778,
      "pass_completion_percentage_for": -0.8566007843291663,
      "passing": 1.1652118914686733,
      "receiving": 0.1250259070530983
    },
    "z_score": 1.107817029409901
  },