{
  "Angel City FC": {
    "explanation": "Angel City FC is classified under Progressive Dribbling primarily due to its below-average Possession Quality (Z-score: -0.6) and below-average Receiving Impact (g+) (Z-score: -0.9).",
    "hybrid_flag": false,
    "hybrid_margin": 0.09437428088852183,
    "identity": "Progressive Dribbling",
    "metric": "Possession Quality",
    "primary_cluster_id": 3,
    "primary_identity": "Progressive Dribbling",
    "scores": {
      "Balanced Systems": 0.3649407723396218,
      "Direct Attacking": 0.21522274688900198,
      "High-Disruption Defense": 0.2658341870250628,
      "High-Efficiency Passing": 0.2672648436378631,
      "High-Line Pressing": 0.24140212485885384,
      "Progressive Dribbling": 0.4029708573118313
    },
    "secondary_identity": "Balanced Systems",
    "trait_scores": {
      "attempted_passes_for": -0.7458345215468657,
      "avg_vertical_distance_against": -0.44158413635508165,
      "avg_vertical_distance_for": -0.3269020405354508,
      "claiming": 0.1522158879320863,
      "dribbling": 0.4129578784107361,
      "interrupting": -0.8374236389427582,
      "pass_completion_percentage_for": -0.5859648596128939,
      "passing": -0.16178825555625656,
      "receiving": -0.8686996512598976
    },
    "z_score": -0.5859648596128939
  },
  "Bay FC": {
    "explanation": "Bay FC is classified under Progressive Dribbling primarily due to its below-average Passing Impact (g+) (Z-score: -1.5) and below-average Possession Quality (Z-score: -0.5).",
    "hybrid_flag": true,
    "hybrid_margin": 0.04625115876305484,
    "identity": "Progressive Dribbling",
    "metric": "Passing Impact (g+)",
    "primary_cluster_id": 3,
    "primary_identity": "Progressive Dribbling",
    "scores": {
      "Balanced Systems": 0.26333845685876134,
      "Direct Attacking": 0.19156384328801887,
      "High-Disruption Defense": 0.2271069471020927,
      "High-Efficiency Passing": 0.21485605754259512,
      "High-Line Pressing": 0.20944764011006475,
      "Progressive Dribbling": 0.27610880927884646
    },
    "secondary_identity": "Balanced Systems",
    "trait_scores": {
      "attempted_passes_for": -0.5709659525140497,
      "avg_vertical_distance_against": -0.5608920540579797,
      "avg_vertical_distance_for": -0.5492238820111933,
      "claiming": -1.579260745829353,
      "dribbling": -0.7957776029660903,
      "interrupting": -0.80838359777492,
      "pass_completion_percentage_for": -0.515021461871734,
      "passing": -1.5074865259167216,
      "receiving": -0.47706335229900165
    },
    "z_score": -1.5074865259167216
  },
  "Chicago Stars FC": {
    "explanation": "Chicago Stars FC is classified under Progressive Dribbling primarily due to its below-average Passing Impact (g+) (Z-score: -1.1) and below-average Possession Quality (Z-score: -0.7).",
    "hybrid_flag": true,
    "hybrid_margin": 0.03058339491384922,
    "identity": "Progressive Dribbling",
    "metric": "Passing Impact (g+)",
    "primary_cluster_id": 3,
    "primary_identity": "Progressive Dribbling",
    "scores": {
      "Balanced Systems": 0.22114936259922482,
      "Direct Attacking": 0.17134778006460416,
      "High-Disruption Defense": 0.19126543186114847,
      "High-Efficiency Passing": 0.1855121333694958,
      "High-Line Pressing": 0.20008433557218785,
      "Progressive Dribbling": 0.22812623743963512
    },
    "secondary_identity": "Balanced Systems",
    "trait_scores": {
      "attempted_passes_for": -0.9354067540419003,
      "avg_vertical_distance_against": -1.0802385796220921,
      "avg_vertical_distance_for": 0.09039851997496992,
      "claiming": -2.741553383338237,
      "dribbling": 0.42216265855221846,
      "interrupting": -0.6755556977177275,
      "pass_completion_percentage_for": -0.7068313890978297,
      "passing": -1.0995652453097697,
      "receiving": -0.992456867714692
    },
    "z_score": -1.0995652453097697
  },
  "Houston Dash": {
    "explanation": "Houston Dash exhibits a balanced tactical profile with no extreme statistical outliers.",
    "hybrid_flag": true,
    "hybrid_margin": 0.0365251421534743,
    "identity": "Balanced Systems",
    "metric": "Passing Impact (g+)",
    "primary_cluster_id": 4,
    "primary_identity": "Balanced Systems",
    "scores": {
      "Balanced Systems": 0.28078671512445164,
      "Direct Attacking": 0.17015614255265288,
      "High-Disruption Defense": 0.2209312881432103,
      "High-Efficiency Passing": 0.24204449718336757,
      "High-Line Pressing": 0.19828127154057335,
      "Progressive Dribbling": 0.2705309404031988
    },
    "secondary_identity": "Progressive Dribbling",
    "trait_scores": {
      "attempted_passes_for": -0.5785803496641273,
      "avg_vertical_distance_against": -1.252058785046336,
      "avg_vertical_distance_for": -0.7858531712758644,
      "claiming": -0.5132230754286726,
      "dribbling": -0.3267630542026863,
      "interrupting": -0.5519060660448081,
      "pass_completion_percentage_for": -0.24175800390578928,
      "passing": -1.8812978966812732,
      "receiving": -0.9522932532326803
    },
    "z_score": -1.8812978966812732
  },
  "Kansas City Current": {
    "explanation": "Kansas City Current is classified under Progressive Dribbling primarily due to its above-average Dribbling Impact (g+) (Z-score: +1.6) and below-average Possession Quality (Z-score: -0.6).",
    "hybrid_flag": false,
    "hybrid_margin": 0.052245139855514176,
    "identity": "Progressive Dribbling",
    "metric": "Dribbling Impact (g+)",
    "primary_cluster_id": 3,
    "primary_identity": "Progressive Dribbling",
    "scores": {
      "Balanced Systems": 0.23062968554285995,
      "Direct Attacking": 0.19139888621289103,
      "High-Disruption Defense": 0.23548357308507445,
      "High-Efficiency Passing": 0.2788500596342992,
      "High-Line Pressing": 0.17973573772776458,
      "Progressive Dribbling": 0.29422171429860405
    },
    "secondary_identity": "High-Efficiency Passing",
    "trait_scores": {
      "attempted_passes_for": -0.5657146441346859,
      "avg_vertical_distance_against": -1.1122710751321132,
      "avg_vertical_distance_for": -0.07071923929257752,
      "claiming": 1.0747056883101282,
      "dribbling": 1.6339505022557541,
      "interrupting": -0.4328088554904873,
      "pass_completion_percentage_for": -0.6043575923606027,
      "passing": -0.5973978682944148,
      "receiving": 0.3916458848798461
    },
    "z_score": 1.6339505022557541
  },
  "NJ/NY Gotham FC": {
    "explanation": "NJ/NY Gotham FC is classified under Progressive Dribbling primarily due to its below-average Passing Impact (g+) (Z-score: -1.3) and below-average Defensive Disruption (g+) (Z-score: -1.1).",
    "hybrid_flag": false,
    "hybrid_margin": 0.16670910610856027,
    "identity": "Progressive Dribbling",
    "metric": "Passing Impact (g+)",
    "primary_cluster_id": 3,
    "primary_identity": "Progressive Dribbling",
    "scores": {
      "Balanced Systems": 0.32470953260092816,
      "Direct Attacking": 0.2096154734856757,
      "High-Disruption Defense": 0.2525890792468622,
      "High-Efficiency Passing": 0.2677115160584189,
      "High-Line Pressing": 0.2244954312721212,
      "Progressive Dribbling": 0.3896712842393548
    },
    "secondary_identity": "Balanced Systems",
    "trait_scores": {
      "attempted_passes_for": -0.18079373992731632,
      "avg_vertical_distance_against": 0.3330771321102152,
      "avg_vertical_distance_for": -0.6763217098695105,
      "claiming": 0.10603575920387309,
      "dribbling": -0.0006849100197095236,
      "interrupting": -1.0887429838409088,
      "pass_completion_percentage_for": -0.2732884029018594,
      "passing": -1.3329329341318596,
      "receiving": -0.2500960479249622
    },
    "z_score": -1.3329329341318596
  },