{
  "Chattanooga Red Wolves SC": {
    "explanation": "Chattanooga Red Wolves SC is classified under Advanced Receiving primarily due to its above-average Receiving Impact (g+) (Z-score: +1.9) and above-average Opponent Directness (Z-score: +2.3).",
    "hybrid_flag": false,
    "hybrid_margin": 0.2640930427504158,
    "identity": "Advanced Receiving",
    "metric": "Receiving Impact (g+)",
    "primary_cluster_id": 1,
    "primary_identity": "Advanced Receiving",
    "scores": {
      "Advanced Receiving": 0.2869016014485075,
      "Direct Attacking": 0.21113288428791102,
      "High-Disruption Defense": 0.1846070118354585,
      "High-Efficiency Passing": 0.19717029986171059,
      "High-Line Pressing": 0.1945841144383466,
      "Possession Dominant": 0.16496061003237655
    },
    "secondary_identity": "Direct Attacking",
    "trait_scores": {
      "attempted_passes_for": 0.053652166015446756,
      "avg_vertical_distance_against": 2.254115603590455,
      "avg_vertical_distance_for": -0.14681410583635693,
      "claiming": -0.657928648135678,
      "dribbling": -1.087114303525194,
      "interrupting": -1.859230519712061,
      "pass_completion_percentage_for": -0.34400433057828267,
      "passing": 0.6192054654821584,
      "receiving": 1.948056861087294
    },
    "z_score": 1.948056861087294
  },
  "FC Tucson": {
    "explanation": "FC Tucson is classified under High-Line Pressing primarily due to its below-average Passing Impact (g+) (Z-score: -1.1) and below-average Receiving Impact (g+) (Z-score: -1.0).",
    "hybrid_flag": true,
    "hybrid_margin": 0.011936602071645215,
    "identity": "High-Line Pressing",
    "metric": "Passing Impact (g+)",
    "primary_cluster_id": 5,
    "primary_identity": "High-Line Pressing",
    "scores": {
      "Advanced Receiving": 0.22509452943676947,
      "Direct Attacking": 0.2264254568365617,
      "High-Disruption Defense": 0.33524966515947796,
      "High-Efficiency Passing": 0.33646006892526664,
      "High-Line Pressing": 0.34052477770419365,
      "Possession Dominant": 0.2529946947554957
    },
    "secondary_identity": "High-Efficiency Passing",
    "trait_scores": {
      "attempted_passes_for": -0.17763411042439428,
      "avg_vertical_distance_against": 0.1957488553388955,
      "avg_vertical_distance_for": 0.1404066590920774,
      "claiming": -0.34782312711076635,
      "dribbling": 0.8408322171683179,
      "interrupting": 0.43488896947838296,
      "pass_completion_percentage_for": 0.28843660357396594,
      "passing": -1.0668867493605252,
      "receiving": -0.97419395601917
    },
    "z_score": -1.0668867493605252
  },
  "Fort Lauderdale CF": {
    "explanation": "Fort Lauderdale CF is classified under High-Disruption Defense primarily due to its below-average Opponent Directness (Z-score: -1.7) and above-average Defensive Disruption (g+) (Z-score: +1.2).",
    "hybrid_flag": true,
    "hybrid_margin": 0.008672193248997562,
    "identity": "High-Disruption Defense",
    "metric": "Opponent Directness",
    "primary_cluster_id": 0,
    "primary_identity": "High-Disruption Defense",
    "scores": {
      "Advanced Receiving": 0.18299049043213017,
      "Direct Attacking": 0.16823018008824647,
      "High-Disruption Defense": 0.3079597547975724,
      "High-Efficiency Passing": 0.3052890682823818,
      "High-Line Pressing": 0.19929881887135534,
      "Possession Dominant": 0.2658218885561877
    },
    "secondary_identity": "High-Efficiency Passing",
    "trait_scores": {
      "attempted_passes_for": 0.23840649172170392,
      "avg_vertical_distance_against": -1.7311778788231078,
      "avg_vertical_distance_for": -0.9933399684576321,
      "claiming": 0.9209002046573875,
      "dribbling": -0.23797845045324859,
      "interrupting": 1.1586136195694925,
      "pass_completion_percentage_for": 0.9174403587362571,
      "passing": -0.18982548609880748,
      "receiving": -0.4729607683424477
    },
    "z_score": -1.7311778788231078
  },
  "Forward Madison FC": {
    "explanation": "Forward Madison FC is classified under Possession Dominant primarily due to its above-average Possession Volume (Z-score: +1.2) and below-average Passing Impact (g+) (Z-score: -1.4).",
    "hybrid_flag": false,
    "hybrid_margin": 0.22517921880794536,
    "identity": "Possession Dominant",
    "metric": "Possession Volume",
    "primary_cluster_id": 3,
    "primary_identity": "Possession Dominant",
    "scores": {
      "Advanced Receiving": 0.2304838719885943,
      "Direct Attacking": 0.1821012819117772,
      "High-Disruption Defense": 0.2717055938058651,
      "High-Efficiency Passing": 0.3019130822854314,
      "High-Line Pressing": 0.23783211577766045,
      "Possession Dominant": 0.3896553755903657
    },
    "secondary_identity": "High-Efficiency Passing",
    "trait_scores": {
      "attempted_passes_for": 1.2371499327937827,
      "avg_vertical_distance_against": -0.21582772865687275,
      "avg_vertical_distance_for": -0.7161482506072038,
      "claiming": -0.882755150878739,
      "dribbling": 0.545773646671844,
      "interrupting": 0.41654693970644874,
      "pass_completion_percentage_for": 0.6218429655998777,
      "passing": -1.3656644771439057,
      "receiving": -0.2611883769134126
    },
    "z_score": 1.2371499327937827
  },
  "Greenville Triumph SC": {
    "explanation": "Greenville Triumph SC is classified under Direct Attacking primarily due to its below-average Possession Quality (Z-score: -1.3) and above-average Attacking Directness (Z-score: +1.1).",
    "hybrid_flag": false,
    "hybrid_margin": 0.14893946518376705,
    "identity": "Direct Attacking",
    "metric": "Possession Quality",
    "primary_cluster_id": 4,
    "primary_identity": "Direct Attacking",
    "scores": {
      "Advanced Receiving": 0.22455792447355633,
      "Direct Attacking": 0.29437569035060984,
      "High-Disruption Defense": 0.25053153231774833,
      "High-Efficiency Passing": 0.23445171545207402,
      "High-Line Pressing": 0.21695134265430896,
      "Possession Dominant": 0.15882629621068553
    },
    "secondary_identity": "High-Disruption Defense",
    "trait_scores": {
      "attempted_passes_for": -0.7684616479781439,
      "avg_vertical_distance_against": -0.41839049883660717,
      "avg_vertical_distance_for": 1.1197245339499051,
      "claiming": 0.8114333218578148,
      "dribbling": -1.0486867205853645,
      "interrupting": 0.03496254680312203,
      "pass_completion_percentage_for": -1.2720426578669106,
      "passing": 1.0087495572181817,
      "receiving": 1.6080120140117102
    },
    "z_score": -1.2720426578669106
  },
  "New England Revolution II": {
    "explanation": "New England Revolution II is classified under Advanced Receiving primarily due to its below-average Claiming Impact (g+) (Z-score: -2.0) and above-average Opponent Directness (Z-score: +0.8).",
    "hybrid_flag": true,
    "hybrid_margin": 0.0071279767001381274,
    "identity": "Advanced Receiving",
    "metric": "Claiming Impact (g+)",
    "primary_cluster_id": 1,
    "primary_identity": "Advanced Receiving",
    "scores": {
      "Advanced Receiving": 0.2646669039086282,
      "Direct Attacking": 0.17569314841807096,
      "High-Disruption Defense": 0.22192211856404848,
      "High-Efficiency Passing": 0.24532921743283892,
      "High-Line Pressing": 0.19580656687196296,
      "Possession Dominant": 0.2627803643771418
    },
    "secondary_identity": "Possession Dominant",
    "trait_scores": {
      "attempted_passes_for": 1.238140749699608,
      "avg_vertical_distance_against": 0.802953337605379,
      "avg_vertical_distance_for": -0.7091836345808108,
      "claiming": -1.96813362752145,
      "dribbling": 1.2551092093901242,
      "interrupting": 0.7544919649027132,
      "pass_completion_percentage_for": 0.838385241967227,
      "passing": -0.03479588105729892,
      "receiving": 0.3361531443818443
    },
    "z_score": -1.96813362752145
  },