{
  "Angel City FC": {
    "explanation": "Angel City FC is classified under High-Efficiency Passing primarily due to its above-average Passing Impact (g+) (Z-score: +1.0) and above-average Claiming Impact (g+) (Z-score: +0.3).",
    "hybrid_flag": true,
    "hybrid_margin": 0.025342740631148695,
    "identity": "High-Efficiency Passing",
    "metric": "Passing Impact (g+)",
    "primary_cluster_id": 2,
    "primary_identity": "High-Efficiency Passing",
    "scores": {
      "Advanced Receiving": 0.26294214250533315,
      "Direct Attacking": 0.27345621023879807,
      "High-Disruption Defense": 0.36322729833043255,
      "High-Efficiency Passing": 0.3726718237249745,
      "High-Line Pressing": 0.3170044535530831,
      "Possession Dominant": 0.21132878328005317
    },
    "secondary_identity": "High-Disruption Defense",
    "trait_scores": {
      "attempted_passes_for": -0.32588457515392355,
      "avg_vertical_distance_against": 0.3816944963755041,
      "avg_vertical_distance_for": 0.11916311309253468,
      "claiming": 0.338816683631399,
      "dribbling": 0.45557996003385653,
      "interrupting": -0.10182170575187631,
      "pass_completion_percentage_for": -0.3740489221579543,
      "passing": 1.0308867891686464,
      "receiving": -0.7934412776863539
    },
    "z_score": 1.0308867891686464
  },
  "Bay FC": {
    "explanation": "Bay FC is classified under High-Disruption Defense primarily due to its below-average Dribbling Impact (g+) (Z-score: -1.2).",
    "hybrid_flag": false,
    "hybrid_margin": 0.06540854188338252,
    "identity": "High-Disruption Defense",
    "metric": "Dribbling Impact (g+)",
    "primary_cluster_id": 0,
    "primary_identity": "High-Disruption Defense",
    "scores": {
      "Advanced Receiving": 0.2657006604538531,
      "Direct Attacking": 0.26021441119289207,
      "High-Disruption Defense": 0.33481678036731083,
      "High-Efficiency Passing": 0.31291690289998775,
      "High-Line Pressing": 0.2684422313305442,
      "Possession Dominant": 0.23199790602857395
    },
    "secondary_identity": "High-Efficiency Passing",
    "trait_scores": {
      "attempted_passes_for": 0.16748895210682752,
      "avg_vertical_distance_against": 0.16867315130914662,
      "avg_vertical_distance_for": -0.10343917592938172,
      "claiming": -1.3097393252242613,
      "dribbling": -1.1934553227111886,
      "interrupting": 0.007511638450855752,
      "pass_completion_percentage_for": -0.28693216764427015,
      "passing": -0.31735131990323817,
      "receiving": 0.06971935176911491
    },
    "z_score": -1.1934553227111886
  },
  "Chicago Stars FC": {
    "explanation": "Chicago Stars FC is classified under High-Disruption Defense primarily due to its below-average Opponent Directness (Z-score: -0.8) and below-average Receiving Impact (g+) (Z-score: -1.1).",
    "hybrid_flag": false,
    "hybrid_margin": 0.1051783037217977,
    "identity": "High-Disruption Defense",
    "metric": "Opponent Directness",
    "primary_cluster_id": 0,
    "primary_identity": "High-Disruption Defense",
    "scores": {
      "Advanced Receiving": 0.19423806497555549,
      "Direct Attacking": 0.2291919081486847,
      "High-Disruption Defense": 0.2570040419788869,
      "High-Efficiency Passing": 0.22563116520088788,
      "High-Line Pressing": 0.22997279268872356,
      "Possession Dominant": 0.1800680726687403
    },
    "secondary_identity": "High-Line Pressing",
    "trait_scores": {
      "attempted_passes_for": -0.8607429635657294,
      "avg_vertical_distance_against": -0.7586072636143917,
      "avg_vertical_distance_for": 0.5369900767554091,
      "claiming": -2.4163696280839897,
      "dribbling": 0.4681377176715536,
      "interrupting": 0.5075976552972354,
      "pass_completion_percentage_for": -0.5224700594775605,
      "passing": 0.09133986156672057,
      "receiving": -1.0662003583389952
    },
    "z_score": -0.7586072636143917
  },
  "Houston Dash": {
    "explanation": "Houston Dash is classified under High-Disruption Defense primarily due to its below-average Opponent Directness (Z-score: -1.1) and above-average Defensive Disruption (g+) (Z-score: +1.0).",
    "hybrid_flag": false,
    "hybrid_margin": 0.15173196258262223,
    "identity": "High-Disruption Defense",
    "metric": "Opponent Directness",
    "primary_cluster_id": 0,
    "primary_identity": "High-Disruption Defense",
    "scores": {
      "Advanced Receiving": 0.19878208553336307,
      "Direct Attacking": 0.20693058157699357,
      "High-Disruption Defense": 0.3967277894634402,
      "High-Efficiency Passing": 0.3365315032053551,
      "High-Line Pressing": 0.2527589768361265,
      "Possession Dominant": 0.2565941420995214
    },
    "secondary_identity": "High-Efficiency Passing",
    "trait_scores": {
      "attempted_passes_for": 0.1460057204393179,
      "avg_vertical_distance_against": -1.0653880035162935,
      "avg_vertical_distance_for": -0.3403669608483108,
      "claiming": -0.29475432748407976,
      "dribbling": -0.5535952781043871,
      "interrupting": 0.9731282536218919,
      "pass_completion_percentage_for": 0.04862866455658202,
      "passing": -0.6918682133032484,
      "receiving": -0.9776803441077262
    },
    "z_score": -1.0653880035162935
  },
  "Kansas City Current": {
    "explanation": "Kansas City Current is classified under High-Efficiency Passing primarily due to its above-average Claiming Impact (g+) (Z-score: +1.2) and above-average Defensive Disruption (g+) (Z-score: +1.0).",
    "hybrid_flag": false,
    "hybrid_margin": 0.04947200452185462,
    "identity": "High-Efficiency Passing",
    "metric": "Claiming Impact (g+)",
    "primary_cluster_id": 2,
    "primary_identity": "High-Efficiency Passing",
    "scores": {
      "Advanced Receiving": 0.21853328690950466,
      "Direct Attacking": 0.19551924673422175,
      "High-Disruption Defense": 0.22516358233367623,
      "High-Efficiency Passing": 0.23688264149430327,
      "High-Line Pressing": 0.199117626277907,
      "Possession Dominant": 0.18284330795172576
    },
    "secondary_identity": "High-Disruption Defense",
    "trait_scores": {
      "attempted_passes_for": -0.13621205852876636,
      "avg_vertical_distance_against": -0.8158004944640739,
      "avg_vertical_distance_for": 0.37566907573738095,
      "claiming": 1.1773388523745345,
      "dribbling": 2.018807513704736,
      "interrupting": 1.032796502596699,
      "pass_completion_percentage_for": -0.39663474740224364,
      "passing": 0.5493196146986974,
      "receiving": 1.6848480210770833
    },
    "z_score": 1.1773388523745345
  },
  "NJ/NY Gotham FC": {
    "explanation": "NJ/NY Gotham FC is classified under High-Line Pressing primarily due to its below-average Defensive Disruption (g+) (Z-score: -1.9) and above-average Opponent Directness (Z-score: +1.8).",
    "hybrid_flag": false,
    "hybrid_margin": 0.04318870794381908,
    "identity": "High-Line Pressing",
    "metric": "Defensive Disruption (g+)",
    "primary_cluster_id": 5,
    "primary_identity": "High-Line Pressing",
    "scores": {
      "Advanced Receiving": 0.2772381664566944,
      "Direct Attacking": 0.22317248650552385,
      "High-Disruption Defense": 0.23141403597622598,
      "High-Efficiency Passing": 0.2618553675476856,
      "High-Line Pressing": 0.2897521891742103,
      "Possession Dominant": 0.21102935579222112
    },
    "secondary_identity": "Advanced Receiving",
    "trait_scores": {
      "attempted_passes_for": 0.26632203572347135,
      "avg_vertical_distance_against": 1.7648330889894612,
      "avg_vertical_distance_for": -0.23069733114784619,
      "claiming": 0.2791202799776859,
      "dribbling": -0.1644169742698302,
      "interrupting": -1.8782919406305538,
      "pass_completion_percentage_for": 0.009910106994945786,
      "passing": -0.1923026838838929,
      "receiving": -0.12024871211092639
    },
    "z_score": -1.8782919406305538
  },