{
  "Central Valley Fuego FC": {
    "explanation": "Central Valley Fuego FC is classified under Direct Attacking primarily due to its below-average Possession Quality (Z-score: -1.6) and above-average Attacking Directness (Z-score: +1.0).",
    "hybrid_flag": false,
    "hybrid_margin": 0.23096861084716444,
    "identity": "Direct Attacking",
    "metric": "Possession Quality",
    "primary_cluster_id": 4,
    "primary_identity": "Direct Attacking",
    "scores": {
      "Advanced Receiving": 0.2063900379822369,
      "Direct Attacking": 0.38813913682692097,
      "High-Disruption Defense": 0.2984911793476209,
      "High-Efficiency Passing": 0.251384714044298,
      "High-Line Pressing": 0.2975879399127932,
      "Possession Dominant": 0.16596207087859222
    },
    "secondary_identity": "High-Disruption Defense",
    "trait_scores": {
      "attempted_passes_for": -1.0732236159672959,
      "avg_vertical_distance_against": 0.086313915063208,
      "avg_vertical_distance_for": 1.019076895718108,
      "claiming": -0.5757984450905945,
      "dribbling": -0.3901633736026841,
      "interrupting": 0.4978860629516315,
      "pass_completion_percentage_for": -1.5936894741696466,
      "passing": 0.38342914434544667,
      "receiving": -0.8094144792286508
    },
    "z_score": -1.5936894741696466
  },
  "Charlotte Independence": {
    "explanation": "Charlotte Independence is classified under High-Disruption Defense primarily due to its below-average Opponent Directness (Z-score: -1.9) and above-average Defensive Disruption (g+) (Z-score: +1.8).",
    "hybrid_flag": false,
    "hybrid_margin": 0.09221512933215095,
    "identity": "High-Disruption Defense",
    "metric": "Opponent Directness",
    "primary_cluster_id": 0,
    "primary_identity": "High-Disruption Defense",
    "scores": {
      "Advanced Receiving": 0.1630654814539775,
      "Direct Attacking": 0.17315717358074936,
      "High-Disruption Defense": 0.27574771775955587,
      "High-Efficiency Passing": 0.25031960621109783,
      "High-Line Pressing": 0.19780563461465822,
      "Possession Dominant": 0.20196582574187633
    },
    "secondary_identity": "High-Efficiency Passing",
    "trait_scores": {
      "attempted_passes_for": -0.24560919504784381,
      "avg_vertical_distance_against": -1.9331839062721754,
      "avg_vertical_distance_for": 0.17777452587827025,
      "claiming": 1.3020179369682265,
      "dribbling": -0.3675311942079897,
      "interrupting": 1.8074939657789142,
      "pass_completion_percentage_for": 0.5107372795558395,
      "passing": -0.9519035144614628,
      "receiving": -0.4224733956439011
    },
    "z_score": -1.9331839062721754
  },
  "Chattanooga Red Wolves SC": {
    "explanation": "Chattanooga Red Wolves SC is classified under Direct Attacking primarily due to its above-average Attacking Directness (Z-score: +1.8) and below-average Possession Quality (Z-score: -1.4).",
    "hybrid_flag": false,
    "hybrid_margin": 0.06491969025906419,
    "identity": "Direct Attacking",
    "metric": "Attacking Directness",
    "primary_cluster_id": 4,
    "primary_identity": "Direct Attacking",
    "scores": {
      "Advanced Receiving": 0.16652623630080057,
      "Direct Attacking": 0.2743075458311082,
      "High-Disruption Defense": 0.2412769922612905,
      "High-Efficiency Passing": 0.20532378200511095,
      "High-Line Pressing": 0.25649958485510893,
      "Possession Dominant": 0.15013198991860993
    },
    "secondary_identity": "High-Line Pressing",
    "trait_scores": {
      "attempted_passes_for": -1.6733408378552677,
      "avg_vertical_distance_against": -0.42198831775879336,
      "avg_vertical_distance_for": 1.7867624636528356,
      "claiming": -0.6680979681706226,
      "dribbling": 0.08205083888501949,
      "interrupting": 1.0167800363517108,
      "pass_completion_percentage_for": -1.4376308609720276,
      "passing": -0.6898258311918698,
      "receiving": -1.2550990290009874
    },
    "z_score": 1.7867624636528356
  },
  "Forward Madison FC": {
    "explanation": "Forward Madison FC is classified under Possession Dominant primarily due to its above-average Possession Volume (Z-score: +1.5) and below-average Attacking Directness (Z-score: -1.5).",
    "hybrid_flag": false,
    "hybrid_margin": 0.11264673106784741,
    "identity": "Possession Dominant",
    "metric": "Possession Volume",
    "primary_cluster_id": 3,
    "primary_identity": "Possession Dominant",
    "scores": {
      "Advanced Receiving": 0.22800683860801882,
      "Direct Attacking": 0.15755292065948692,
      "High-Disruption Defense": 0.2238874907045305,
      "High-Efficiency Passing": 0.26742260085350233,
      "High-Line Pressing": 0.190488687377482,
      "Possession Dominant": 0.30137106643892503
    },
    "secondary_identity": "High-Efficiency Passing",
    "trait_scores": {
      "attempted_passes_for": 1.535972773178327,
      "avg_vertical_distance_against": 0.12612569215456368,
      "avg_vertical_distance_for": -1.4940209461337286,
      "claiming": 0.6506071380497861,
      "dribbling": -0.24370545255559822,
      "interrupting": -1.35166057928055,
      "pass_completion_percentage_for": 1.5085665942436548,
      "passing": 0.7397312425117977,
      "receiving": -0.26994906483669834
    },
    "z_score": 1.535972773178327
  },
  "Greenville Triumph SC": {
    "explanation": "Greenville Triumph SC is classified under High-Efficiency Passing primarily due to its below-average Attacking Directness (Z-score: -1.0) and above-average Possession Volume (Z-score: +1.0).",
    "hybrid_flag": false,
    "hybrid_margin": 0.06620900652832373,
    "identity": "High-Efficiency Passing",
    "metric": "Attacking Directness",
    "primary_cluster_id": 2,
    "primary_identity": "High-Efficiency Passing",
    "scores": {
      "Advanced Receiving": 0.2710702275519848,
      "Direct Attacking": 0.1973968183292259,
      "High-Disruption Defense": 0.2825829788272789,
      "High-Efficiency Passing": 0.32362537861089646,
      "High-Line Pressing": 0.23235726160800385,
      "Possession Dominant": 0.3021984637395074
    },
    "secondary_identity": "Possession Dominant",
    "trait_scores": {
      "attempted_passes_for": 0.9981839024607052,
      "avg_vertical_distance_against": 1.0436137003097152,
      "avg_vertical_distance_for": -1.0091968457973013,
      "claiming": -0.8759460451442335,
      "dribbling": -0.47149284794643725,
      "interrupting": 0.49794966757169706,
      "pass_completion_percentage_for": 0.5296534750949481,
      "passing": -0.2969198062238427,
      "receiving": -0.16481958419357515
    },
    "z_score": -1.0091968457973013
  },
  "Lexington SC": {
    "explanation": "Lexington SC is classified under High-Efficiency Passing primarily due to its below-average Attacking Directness (Z-score: -0.9) and above-average Possession Quality (Z-score: +0.6).",
    "hybrid_flag": false,
    "hybrid_margin": 0.04373555338687099,
    "identity": "High-Efficiency Passing",
    "metric": "Attacking Directness",
    "primary_cluster_id": 2,
    "primary_identity": "High-Efficiency Passing",
    "scores": {
      "Advanced Receiving": 0.2078791574344647,
      "Direct Attacking": 0.19575292193904034,
      "High-Disruption Defense": 0.33818550102287387,
      "High-Efficiency Passing": 0.35365269749846445,
      "High-Line Pressing": 0.27526162305025975,
      "Possession Dominant": 0.2660257660679862
    },
    "secondary_identity": "High-Disruption Defense",
    "trait_scores": {
      "attempted_passes_for": -0.5707998953168986,
      "avg_vertical_distance_against": -0.5331639442421242,
      "avg_vertical_distance_for": -0.8737965455390643,
      "claiming": 0.44088950913809477,
      "dribbling": 0.8549388904838918,
      "interrupting": 0.13421729410004987,
      "pass_completion_percentage_for": 0.6384215994448033,
      "passing": -0.30608444720322026,
      "receiving": -1.1493839417523857
    },
    "z_score": -0.8737965455390643
  },