{
  "Chicago Stars FC": {
    "explanation": "Chicago Stars FC is classified under High-Disruption Defense primarily due to its below-average Opponent Directness (Z-score: -0.7) and below-average Possession Volume (Z-score: -0.5).",
    "hybrid_flag": false,
    "hybrid_margin": 0.09887892845749745,
    "identity": "High-Disruption Defense",
    "metric": "Opponent Directness",
    "primary_cluster_id": 0,
    "primary_identity": "High-Disruption Defense",
    "scores": {
      "Advanced Receiving": 0.2602379964509908,
      "Direct Attacking": 0.2588637625503296,
      "High-Disruption Defense": 0.28948412812031094,
      "High-Efficiency Passing": 0.26086024762744275,
      "High-Line Pressing": 0.22425119727188725,
      "Possession Dominant": 0.19466021021524663
    },
    "secondary_identity": "High-Efficiency Passing",
    "trait_scores": {
      "attempted_passes_for": -0.5243052448526154,
      "avg_vertical_distance_against": -0.6722058614753895,
      "avg_vertical_distance_for": 0.48243001083893394,
      "claiming": -2.0057105759639042,
      "dribbling": 0.012498331568622229,
      "interrupting": 0.3094254045258799,
      "pass_completion_percentage_for": -0.23148347539096673,
      "passing": 0.721618891327778,
      "receiving": 0.6612930983666643
    },
    "z_score": -0.6722058614753895
  },
  "Houston Dash": {
    "explanation": "Houston Dash is classified under High-Line Pressing primarily due to its below-average Defensive Disruption (g+) (Z-score: -0.8) and below-average Possession Quality (Z-score: -0.5).",
    "hybrid_flag": false,
    "hybrid_margin": 0.11986680027810857,
    "identity": "High-Line Pressing",
    "metric": "Defensive Disruption (g+)",
    "primary_cluster_id": 5,
    "primary_identity": "High-Line Pressing",
    "scores": {
      "Advanced Receiving": 0.29128920232073147,
      "Direct Attacking": 0.3046463775637381,
      "High-Disruption Defense": 0.31655611580095355,
      "High-Efficiency Passing": 0.31591638352866847,
      "High-Line Pressing": 0.3596684183949057,
      "Possession Dominant": 0.20982826905962726
    },
    "secondary_identity": "High-Disruption Defense",
    "trait_scores": {
      "attempted_passes_for": -0.5736909923537369,
      "avg_vertical_distance_against": 0.09145101296554738,
      "avg_vertical_distance_for": 0.34510964228166263,
      "claiming": -0.6636886116912665,
      "dribbling": 0.9768531024965829,
      "interrupting": -0.7524441999138127,
      "pass_completion_percentage_for": -0.5399467669225241,
      "passing": 0.4124747396839607,
      "receiving": -0.22555939436862235
    },
    "z_score": -0.7524441999138127
  },
  "NJ/NY Gotham FC": {
    "explanation": "NJ/NY Gotham FC is classified under Possession Dominant primarily due to its above-average Possession Volume (Z-score: +1.4) and above-average Possession Quality (Z-score: +1.4).",
    "hybrid_flag": false,
    "hybrid_margin": 0.18147704022671918,
    "identity": "Possession Dominant",
    "metric": "Possession Volume",
    "primary_cluster_id": 3,
    "primary_identity": "Possession Dominant",
    "scores": {
      "Advanced Receiving": 0.16025713927456317,
      "Direct Attacking": 0.14272569371503518,
      "High-Disruption Defense": 0.21469769097809194,
      "High-Efficiency Passing": 0.23008474056964448,
      "High-Line Pressing": 0.18731171335743554,
      "Possession Dominant": 0.2810974793118225
    },
    "secondary_identity": "High-Efficiency Passing",
    "trait_scores": {
      "attempted_passes_for": 1.4313703561918083,
      "avg_vertical_distance_against": -1.45856115368627,
      "avg_vertical_distance_for": -1.0976514670655457,
      "claiming": 1.4542380054884247,
      "dribbling": -0.19911219370610445,
      "interrupting": -0.3115906654317088,
      "pass_completion_percentage_for": 1.4185503221667364,
      "passing": -1.5579912348940481,
      "receiving": -1.3175594896511682
    },
    "z_score": 1.4313703561918083
  },
  "North Carolina Courage": {
    "explanation": "North Carolina Courage is classified under Advanced Receiving primarily due to its above-average Receiving Impact (g+) (Z-score: +1.6) and above-average Dribbling Impact (g+) (Z-score: +0.8).",
    "hybrid_flag": false,
    "hybrid_margin": 0.06316938089090512,
    "identity": "Advanced Receiving",
    "metric": "Receiving Impact (g+)",
    "primary_cluster_id": 1,
    "primary_identity": "Advanced Receiving",
    "scores": {
      "Advanced Receiving": 0.344452726639219,
      "Direct Attacking": 0.2584120048553958,
      "High-Disruption Defense": 0.30292655642870703,
      "High-Efficiency Passing": 0.32269386108806597,
      "High-Line Pressing": 0.2518613254589238,
      "Possession Dominant": 0.22056518695928823
    },
    "secondary_identity": "High-Efficiency Passing",
    "trait_scores": {
      "attempted_passes_for": -0.22473902338490492,
      "avg_vertical_distance_against": 0.10762967243986901,
      "avg_vertical_distance_for": 0.3049474934192369,
      "claiming": -0.27839290598438415,
      "dribbling": 0.804713487471562,
      "interrupting": 0.55394367360377,
      "pass_completion_percentage_for": 0.003536175299745922,
      "passing": 0.15029660031916528,
      "receiving": 1.55113354125764
    },
    "z_score": 1.55113354125764
  },
  "Orlando Pride": {
    "explanation": "Orlando Pride is classified under High-Line Pressing primarily due to its below-average Passing Impact (g+) (Z-score: -1.2) and below-average Possession Volume (Z-score: -1.3).",
    "hybrid_flag": true,
    "hybrid_margin": 0.01585849395853931,
    "identity": "High-Line Pressing",
    "metric": "Passing Impact (g+)",
    "primary_cluster_id": 5,
    "primary_identity": "High-Line Pressing",
    "scores": {
      "Advanced Receiving": 0.17266822743717225,
      "Direct Attacking": 0.24001531825856545,
      "High-Disruption Defense": 0.23184354359267184,
      "High-Efficiency Passing": 0.2068499405537744,
      "High-Line Pressing": 0.24388293431484678,
      "Possession Dominant": 0.15894836227426898
    },
    "secondary_identity": "Direct Attacking",
    "trait_scores": {
      "attempted_passes_for": -1.2838397504022756,
      "avg_vertical_distance_against": 0.48058399420240644,
      "avg_vertical_distance_for": 1.0882802989976466,
      "claiming": -0.45467254714075805,
      "dribbling": -2.4054869181335277,
      "interrupting": -0.5844321610169072,
      "pass_completion_percentage_for": -0.45426251927487016,
      "passing": -1.2259615463816795,
      "receiving": -0.8914096433000288
    },
    "z_score": -1.2259615463816795
  },
  "Portland Thorns FC": {
    "explanation": "Portland Thorns FC is classified under Advanced Receiving primarily due to its above-average Opponent Directness (Z-score: +1.5) and above-average Receiving Impact (g+) (Z-score: +1.0).",
    "hybrid_flag": false,
    "hybrid_margin": 0.31267385330738834,
    "identity": "Advanced Receiving",
    "metric": "Opponent Directness",
    "primary_cluster_id": 1,
    "primary_identity": "Advanced Receiving",
    "scores": {
      "Advanced Receiving": 0.40950007451275794,
      "Direct Attacking": 0.21438147587350165,
      "High-Disruption Defense": 0.23496144233312355,
      "High-Efficiency Passing": 0.2814601079725174,
      "High-Line Pressing": 0.2291214906094937,
      "Possession Dominant": 0.21935350625937786
    },
    "secondary_identity": "High-Efficiency Passing",
    "trait_scores": {
      "attempted_passes_for": 0.7875265369179232,
      "avg_vertical_distance_against": 1.5216928050014902,
      "avg_vertical_distance_for": -0.5047897887517027,
      "claiming": 0.3513119084137858,
      "dribbling": 0.15246453553332895,
      "interrupting": -1.0545306838157298,
      "pass_completion_percentage_for": 0.08677230158603852,
      "passing": 1.0555610974549183,
      "receiving": 0.9833905143338987
    },
    "z_score": 1.5216928050014902
  },