{
  "Angel City FC": {
    "explanation": "Angel City FC is classified under Progressive Dribbling primarily due to its below-average Possession Quality (Z-score: -1.5) and below-average Passing Impact (g+) (Z-score: -1.1).",
    "hybrid_flag": false,
    "hybrid_margin": 0.19930829159880908,
    "identity": "Progressive Dribbling",
    "metric": "Possession Quality",
    "primary_cluster_id": 3,
    "primary_identity": "Progressive Dribbling",
    "scores": {
      "Balanced Systems": 0.20700841994247315,
      "Direct Attacking": 0.22792562231300398,
      "High-Disruption Defense": 0.20961427099558866,
      "High-Efficiency Passing": 0.19255418557182646,
      "High-Line Pressing": 0.2058410944577457,
      "Progressive Dribbling": 0.28466090022017426
    },
    "secondary_identity": "Direct Attacking",
    "trait_scores": {
      "attempted_passes_for": -0.2180780294207996,
      "avg_vertical_distance_against": 0.8054776724514436,
      "avg_vertical_distance_for": 0.14111047380461772,
      "claiming": -2.034941775087264,
      "dribbling": 0.9179807639970373,
      "interrupting": -0.589592036030631,
      "pass_completion_percentage_for": -1.5134840967473056,
      "passing": -1.0500435489605047,
      "receiving": 0.31878204452243025
    },
    "z_score": -1.5134840967473056
  },
  "Chicago Stars FC": {
    "explanation": "Chicago Stars FC is classified under Progressive Dribbling primarily due to its below-average Passing Impact (g+) (Z-score: -2.3) and below-average Receiving Impact (g+) (Z-score: -1.1).",
    "hybrid_flag": true,
    "hybrid_margin": 0.026536738831410115,
    "identity": "Progressive Dribbling",
    "metric": "Passing Impact (g+)",
    "primary_cluster_id": 3,
    "primary_identity": "Progressive Dribbling",
    "scores": {
      "Balanced Systems": 0.2701232721284501,
      "Direct Attacking": 0.1695684359887463,
      "High-Disruption Defense": 0.20774672530724336,
      "High-Efficiency Passing": 0.23167958083856507,
      "High-Line Pressing": 0.2068492211526403,
      "Progressive Dribbling": 0.2774868687193377
    },
    "secondary_identity": "Balanced Systems",
    "trait_scores": {
      "attempted_passes_for": -0.3409586454979135,
      "avg_vertical_distance_against": -0.8727100185473323,
      "avg_vertical_distance_for": -0.3594117413447393,
      "claiming": -0.7151915902279664,
      "dribbling": 0.4117655493768654,
      "interrupting": -0.47963638078704596,
      "pass_completion_percentage_for": -0.4467055973802493,
      "passing": -2.299380379666526,
      "receiving": -1.1238052080334198
    },
    "z_score": -2.299380379666526
  },
  "Houston Dash": {
    "explanation": "Houston Dash is classified under Progressive Dribbling primarily due to its below-average Possession Quality (Z-score: -1.5) and below-average Receiving Impact (g+) (Z-score: -0.8).",
    "hybrid_flag": false,
    "hybrid_margin": 0.3102200768120092,
    "identity": "Progressive Dribbling",
    "metric": "Possession Quality",
    "primary_cluster_id": 3,
    "primary_identity": "Progressive Dribbling",
    "scores": {
      "Balanced Systems": 0.27201743396807754,
      "Direct Attacking": 0.26579857296436815,
      "High-Disruption Defense": 0.2684507652391858,
      "High-Efficiency Passing": 0.22081100763768907,
      "High-Line Pressing": 0.24367440344533456,
      "Progressive Dribbling": 0.3943539455615073
    },
    "secondary_identity": "Balanced Systems",
    "trait_scores": {
      "attempted_passes_for": -0.5730664758657953,
      "avg_vertical_distance_against": -0.0864960467833401,
      "avg_vertical_distance_for": 0.690913898004728,
      "claiming": -0.09203804594364376,
      "dribbling": -0.02944388631667238,
      "interrupting": 0.06738841491559772,
      "pass_completion_percentage_for": -1.468816031502871,
      "passing": -0.3318467429432831,
      "receiving": -0.8206164508236867
    },
    "z_score": -1.468816031502871
  },
  "Kansas City Current": {
    "explanation": "Kansas City Current is classified under Progressive Dribbling primarily due to its below-average Possession Quality (Z-score: -0.9) and below-average Passing Impact (g+) (Z-score: -0.6).",
    "hybrid_flag": false,
    "hybrid_margin": 0.22620783241610198,
    "identity": "Progressive Dribbling",
    "metric": "Possession Quality",
    "primary_cluster_id": 3,
    "primary_identity": "Progressive Dribbling",
    "scores": {
      "Balanced Systems": 0.2624063055939881,
      "Direct Attacking": 0.24115202708593056,
      "High-Disruption Defense": 0.29649116801372344,
      "High-Efficiency Passing": 0.2734378443299775,
      "High-Line Pressing": 0.20020509141199186,
      "Progressive Dribbling": 0.3831664116809303
    },
    "secondary_identity": "High-Disruption Defense",
    "trait_scores": {
      "attempted_passes_for": -0.2548371880763465,
      "avg_vertical_distance_against": -0.5399921635448842,
      "avg_vertical_distance_for": 0.053914528113201986,
      "claiming": 1.012390333881696,
      "dribbling": -0.05867979422718354,
      "interrupting": -0.3874865662089495,
      "pass_completion_percentage_for": -0.8881311833252364,
      "passing": -0.6174936291317977,
      "receiving": 0.2325789937214203
    },
    "z_score": -0.8881311833252364
  },
  "NJ/NY Gotham FC": {
    "explanation": "NJ/NY Gotham FC is classified under Progressive Dribbling primarily due to its below-average Passing Impact (g+) (Z-score: -2.2) and below-average Possession Quality (Z-score: -1.2).",
    "hybrid_flag": false,
    "hybrid_margin": 0.22718596548272557,
    "identity": "Progressive Dribbling",
    "metric": "Passing Impact (g+)",
    "primary_cluster_id": 3,
    "primary_identity": "Progressive Dribbling",
    "scores": {
      "Balanced Systems": 0.2338315028933934,
      "Direct Attacking": 0.2087591435568636,
      "High-Disruption Defense": 0.21395598879202798,
      "High-Efficiency Passing": 0.20773540245259187,
      "High-Line Pressing": 0.20762436492030995,
      "Progressive Dribbling": 0.30257150190943205
    },
    "secondary_identity": "Balanced Systems",
    "trait_scores": {
      "attempted_passes_for": 0.2605787293582145,
      "avg_vertical_distance_against": 1.125802627551654,
      "avg_vertical_distance_for": -0.1265182856693994,
      "claiming": 0.46045433751558157,
      "dribbling": -0.2791652791705654,
      "interrupting": -0.3253496892474244,
      "pass_completion_percentage_for": -1.1850424405382345,
      "passing": -2.2470256343270285,
      "receiving": -0.291610006555847
    },
    "z_score": -2.2470256343270285
  },
  "North Carolina Courage": {
    "explanation": "North Carolina Courage is classified under High-Efficiency Passing primarily due to its below-average Attacking Directness (Z-score: -2.0) and above-average Dribbling Impact (g+) (Z-score: +2.2).",
    "hybrid_flag": false,
    "hybrid_margin": 0.11032500047769668,
    "identity": "High-Efficiency Passing",
    "metric": "Attacking Directness",
    "primary_cluster_id": 0,
    "primary_identity": "High-Efficiency Passing",
    "scores": {
      "Balanced Systems": 0.16941824950619166,
      "Direct Attacking": 0.1407255542180952,
      "High-Disruption Defense": 0.1737307134160129,
      "High-Efficiency Passing": 0.2229140987552858,
      "High-Line Pressing": 0.14000862775780284,
      "Progressive Dribbling": 0.19832110059329858
    },
    "secondary_identity": "Progressive Dribbling",
    "trait_scores": {
      "attempted_passes_for": 1.0385600657609677,
      "avg_vertical_distance_against": 0.3501961379073733,
      "avg_vertical_distance_for": -1.9918915340615067,
      "claiming": -1.619877003626456,
      "dribbling": 2.2232472039560407,
      "interrupting": -0.2512627068495766,
      "pass_completion_percentage_for": 0.8775711604547181,
      "passing": -2.11787637435896,
      "receiving": -0.20493251051334108
    },
    "z_score": -1.9918915340615067
  },