{
  "AV Alta FC": {
    "explanation": "AV Alta FC is classified under High-Efficiency Passing primarily due to its above-average Possession Quality (Z-score: +1.7) and below-average Attacking Directness (Z-score: -1.3).",
    "hybrid_flag": false,
    "hybrid_margin": 0.06626480989568138,
    "identity": "High-Efficiency Passing",
    "metric": "Possession Quality",
    "primary_cluster_id": 0,
    "primary_identity": "High-Efficiency Passing",
    "scores": {
      "Balanced Systems": 0.19105269213959505,
      "Direct Attacking": 0.1520017142265941,
      "High-Disruption Defense": 0.19180675741189016,
      "High-Efficiency Passing": 0.21461155405209023,
      "High-Line Pressing": 0.14621505085930966,
      "Progressive Dribbling": 0.2003903601551469
    },
    "secondary_identity": "Progressive Dribbling",
    "trait_scores": {
      "attempted_passes_for": 0.6938116706557315,
      "avg_vertical_distance_against": 1.2779832373681146,
      "avg_vertical_distance_for": -1.3079955297507133,
      "claiming": 1.8291665865686475,
      "dribbling": -0.9942765405248953,
      "interrupting": 0.05340073389796635,
      "pass_completion_percentage_for": 1.6605760688571405,
      "passing": -1.913292463277633,
      "receiving": -0.5488505669161
    },
    "z_score": 1.6605760688571405
  },
  "Charlotte Independence": {
    "explanation": "Charlotte Independence is classified under High-Disruption Defense primarily due to its above-average Passing Impact (g+) (Z-score: +1.8) and above-average Receiving Impact (g+) (Z-score: +1.4).",
    "hybrid_flag": false,
    "hybrid_margin": 0.2968486127681197,
    "identity": "High-Disruption Defense",
    "metric": "Passing Impact (g+)",
    "primary_cluster_id": 2,
    "primary_identity": "High-Disruption Defense",
    "scores": {
      "Balanced Systems": 0.166613349587626,
      "Direct Attacking": 0.21957620626412755,
      "High-Disruption Defense": 0.3123052683207,
      "High-Efficiency Passing": 0.2195978823626762,
      "High-Line Pressing": 0.13553924848100413,
      "Progressive Dribbling": 0.20607544174622835
    },
    "secondary_identity": "High-Efficiency Passing",
    "trait_scores": {
      "attempted_passes_for": 0.05236435211643823,
      "avg_vertical_distance_against": -0.8379468840758011,
      "avg_vertical_distance_for": -0.0905906945549781,
      "claiming": 0.4565596278638046,
      "dribbling": -1.5069303319279692,
      "interrupting": 0.535994085543017,
      "pass_completion_percentage_for": 0.6726235669802609,
      "passing": 1.8485055339262295,
      "receiving": 1.3856816573892046
    },
    "z_score": 1.8485055339262295
  },
  "Chattanooga Red Wolves SC": {
    "explanation": "Chattanooga Red Wolves SC is classified under Direct Attacking primarily due to its above-average Attacking Directness (Z-score: +4.2) and below-average Possession Quality (Z-score: -3.4).",
    "hybrid_flag": false,
    "hybrid_margin": 0.11454965890677717,
    "identity": "Direct Attacking",
    "metric": "Attacking Directness",
    "primary_cluster_id": 5,
    "primary_identity": "Direct Attacking",
    "scores": {
      "Balanced Systems": 0.14081550520533975,
      "Direct Attacking": 0.18369402748668512,
      "High-Disruption Defense": 0.14291081992246948,
      "High-Efficiency Passing": 0.11910412526857748,
      "High-Line Pressing": 0.16265193918032353,
      "Progressive Dribbling": 0.15358838381706366
    },
    "secondary_identity": "High-Line Pressing",
    "trait_scores": {
      "attempted_passes_for": -1.3032609060163374,
      "avg_vertical_distance_against": -0.46752520648942675,
      "avg_vertical_distance_for": 4.214679316775775,
      "claiming": -0.7775069446563987,
      "dribbling": -0.8830560882454304,
      "interrupting": -0.10551180490732852,
      "pass_completion_percentage_for": -3.4079355697612157,
      "passing": 0.3454786096415167,
      "receiving": -0.23434811548608211
    },
    "z_score": 4.214679316775775
  },
  "FC Naples": {
    "explanation": "FC Naples is classified under Direct Attacking primarily due to its above-average Attacking Directness (Z-score: +1.1) and below-average Dribbling Impact (g+) (Z-score: -1.7).",
    "hybrid_flag": false,
    "hybrid_margin": 0.07030447950895384,
    "identity": "Direct Attacking",
    "metric": "Attacking Directness",
    "primary_cluster_id": 5,
    "primary_identity": "Direct Attacking",
    "scores": {
      "Balanced Systems": 0.19896804937367232,
      "Direct Attacking": 0.32513983190675977,
      "High-Disruption Defense": 0.3022810451866218,
      "High-Efficiency Passing": 0.19774153667709823,
      "High-Line Pressing": 0.17446516126482348,
      "Progressive Dribbling": 0.25633323407253894
    },
    "secondary_identity": "High-Disruption Defense",
    "trait_scores": {
      "attempted_passes_for": -0.3890081171690926,
      "avg_vertical_distance_against": 0.03386211667398523,
      "avg_vertical_distance_for": 1.0893763189263934,
      "claiming": 0.6062277559106641,
      "dribbling": -1.698990692703872,
      "interrupting": 0.3429751014217652,
      "pass_completion_percentage_for": -0.7278516550952108,
      "passing": 0.8341228994768284,
      "receiving": 0.567409598960144
    },
    "z_score": 1.0893763189263934
  },
  "Forward Madison FC": {
    "explanation": "Forward Madison FC is classified under High-Disruption Defense primarily due to its below-average Dribbling Impact (g+) (Z-score: -2.2) and above-average Passing Impact (g+) (Z-score: +0.4).",
    "hybrid_flag": false,
    "hybrid_margin": 0.14704460979987147,
    "identity": "High-Disruption Defense",
    "metric": "Dribbling Impact (g+)",
    "primary_cluster_id": 2,
    "primary_identity": "High-Disruption Defense",
    "scores": {
      "Balanced Systems": 0.20567118238862303,
      "Direct Attacking": 0.21097803073969013,
      "High-Disruption Defense": 0.2693859704489448,
      "High-Efficiency Passing": 0.2092278518104331,
      "High-Line Pressing": 0.16342467137537878,
      "Progressive Dribbling": 0.2297742153916754
    },
    "secondary_identity": "Progressive Dribbling",
    "trait_scores": {
      "attempted_passes_for": -0.018003180167037246,
      "avg_vertical_distance_against": 0.025880248940340588,
      "avg_vertical_distance_for": -0.6890394412374471,
      "claiming": -1.2849319735736329,
      "dribbling": -2.1542219178357302,
      "interrupting": -0.6861290628964096,
      "pass_completion_percentage_for": 0.6936438329776391,
      "passing": 0.402139589446168,
      "receiving": 0.31808862455408987
    },
    "z_score": -2.1542219178357302
  },
  "Greenville Triumph SC": {
    "explanation": "Greenville Triumph SC is classified under Progressive Dribbling primarily due to its above-average Opponent Directness (Z-score: +0.8) and below-average Defensive Disruption (g+) (Z-score: -0.7).",
    "hybrid_flag": false,
    "hybrid_margin": 0.1787968331295752,
    "identity": "Progressive Dribbling",
    "metric": "Opponent Directness",
    "primary_cluster_id": 3,
    "primary_identity": "Progressive Dribbling",
    "scores": {
      "Balanced Systems": 0.2629972111589289,
      "Direct Attacking": 0.29837215161596103,
      "High-Disruption Defense": 0.33643124760065046,
      "High-Efficiency Passing": 0.26439878688549234,
      "High-Line Pressing": 0.2060603405478306,
      "Progressive Dribbling": 0.4096808942683142
    },
    "secondary_identity": "High-Disruption Defense",
    "trait_scores": {
      "attempted_passes_for": -0.1356324878647873,
      "avg_vertical_distance_against": 0.8350946027262828,
      "avg_vertical_distance_for": -0.01134333096852332,
      "claiming": -0.13877456176496794,
      "dribbling": 0.060028484384989804,
      "interrupting": -0.714361416446432,
      "pass_completion_percentage_for": 0.002602588313757599,
      "passing": 0.6137116880367355,
      "receiving": 0.23754242086322283
    },
    "z_score": 0.8350946027262828
  },