{
  "Central Valley Fuego FC": {
    "explanation": "Central Valley Fuego FC is classified under High-Disruption Defense primarily due to its above-average Passing Impact (g+) (Z-score: +0.8) and below-average Dribbling Impact (g+) (Z-score: -0.8).",
    "hybrid_flag": false,
    "hybrid_margin": 0.0770414865480878,
    "identity": "High-Disruption Defense",
    "metric": "Passing Impact (g+)",
    "primary_cluster_id": 2,
    "primary_identity": "High-Disruption Defense",
    "scores": {
      "Balanced Systems": 0.22162242761029313,
      "Direct Attacking": 0.26687409702320564,
      "High-Disruption Defense": 0.3105838234104336,
      "High-Efficiency Passing": 0.2168709617013463,
      "High-Line Pressing": 0.18927568730459762,
      "Progressive Dribbling": 0.2866559838800635
    },
    "secondary_identity": "Progressive Dribbling",
    "trait_scores": {
      "attempted_passes_for": -0.30577487935617575,
      "avg_vertical_distance_against": -0.27060412753437924,
      "avg_vertical_distance_for": 0.4676382266763911,
      "claiming": -1.7044478417793285,
      "dribbling": -0.7847127895317697,
      "interrupting": -0.00036556229710210924,
      "pass_completion_percentage_for": -0.2969362021489127,
      "passing": 0.7845256551544902,
      "receiving": -0.2545667819313651
    },
    "z_score": 0.7845256551544902
  },
  "Charlotte Independence": {
    "explanation": "Charlotte Independence is classified under High-Efficiency Passing primarily due to its below-average Opponent Directness (Z-score: -1.6) and above-average Possession Quality (Z-score: +0.9).",
    "hybrid_flag": true,
    "hybrid_margin": 0.005688975624805839,
    "identity": "High-Efficiency Passing",
    "metric": "Opponent Directness",
    "primary_cluster_id": 0,
    "primary_identity": "High-Efficiency Passing",
    "scores": {
      "Balanced Systems": 0.2013654998753654,
      "Direct Attacking": 0.18454768159195548,
      "High-Disruption Defense": 0.30167166630185593,
      "High-Efficiency Passing": 0.3033976883612545,
      "High-Line Pressing": 0.14819071244584442,
      "Progressive Dribbling": 0.23998321731436117
    },
    "secondary_identity": "High-Disruption Defense",
    "trait_scores": {
      "attempted_passes_for": 0.18049627657291595,
      "avg_vertical_distance_against": -1.5545295623212894,
      "avg_vertical_distance_for": -0.12007993416438165,
      "claiming": 1.3851696862660674,
      "dribbling": -0.78600050488835,
      "interrupting": 0.6426639207050323,
      "pass_completion_percentage_for": 0.8723160939553736,
      "passing": -0.32025012907659767,
      "receiving": 0.2112654536419155
    },
    "z_score": -1.5545295623212894
  },
  "Chattanooga Red Wolves SC": {
    "explanation": "Chattanooga Red Wolves SC is classified under Progressive Dribbling primarily due to its below-average Receiving Impact (g+) (Z-score: -0.5) and below-average Claiming Impact (g+) (Z-score: -1.9).",
    "hybrid_flag": false,
    "hybrid_margin": 0.0625253546511195,
    "identity": "Progressive Dribbling",
    "metric": "Receiving Impact (g+)",
    "primary_cluster_id": 3,
    "primary_identity": "Progressive Dribbling",
    "scores": {
      "Balanced Systems": 0.23316582889237358,
      "Direct Attacking": 0.2335708784491649,
      "High-Disruption Defense": 0.2711943616498274,
      "High-Efficiency Passing": 0.21554005031643583,
      "High-Line Pressing": 0.20103285922790254,
      "Progressive Dribbling": 0.28928180944182014
    },
    "secondary_identity": "High-Disruption Defense",
    "trait_scores": {
      "attempted_passes_for": -0.4864198876062919,
      "avg_vertical_distance_against": -0.5937647461715422,
      "avg_vertical_distance_for": 1.0039290612980691,
      "claiming": -1.8518904214537442,
      "dribbling": -0.3019626102981744,
      "interrupting": 0.1587488984126463,
      "pass_completion_percentage_for": -0.2102276049097192,
      "passing": -0.1784465836188241,
      "receiving": -0.5399820904789088
    },
    "z_score": -0.5399820904789088
  },
  "Forward Madison FC": {
    "explanation": "Forward Madison FC is classified under High-Disruption Defense primarily due to its above-average Passing Impact (g+) (Z-score: +1.5) and above-average Possession Volume (Z-score: +1.0).",
    "hybrid_flag": false,
    "hybrid_margin": 0.07858687759873183,
    "identity": "High-Disruption Defense",
    "metric": "Passing Impact (g+)",
    "primary_cluster_id": 2,
    "primary_identity": "High-Disruption Defense",
    "scores": {
      "Balanced Systems": 0.17881274878616002,
      "Direct Attacking": 0.19042271269709557,
      "High-Disruption Defense": 0.30267943059461655,
      "High-Efficiency Passing": 0.2788927991522367,
      "High-Line Pressing": 0.13692457497736332,
      "Progressive Dribbling": 0.2197918949141799
    },
    "secondary_identity": "High-Efficiency Passing",
    "trait_scores": {
      "attempted_passes_for": 1.025431794812558,
      "avg_vertical_distance_against": -0.24529320485269065,
      "avg_vertical_distance_for": -1.2879651028462133,
      "claiming": 0.29576375795472487,
      "dribbling": -0.6669583741466929,
      "interrupting": -0.2137786587682075,
      "pass_completion_percentage_for": 1.4267256096362826,
      "passing": 1.4932789645376032,
      "receiving": 0.5400012623168082
    },
    "z_score": 1.4932789645376032
  },
  "Greenville Triumph SC": {
    "explanation": "Greenville Triumph SC is classified under High-Disruption Defense primarily due to its below-average Dribbling Impact (g+) (Z-score: -0.9) and above-average Possession Volume (Z-score: +0.6).",
    "hybrid_flag": false,
    "hybrid_margin": 0.15531698651181172,
    "identity": "High-Disruption Defense",
    "metric": "Dribbling Impact (g+)",
    "primary_cluster_id": 2,
    "primary_identity": "High-Disruption Defense",
    "scores": {
      "Balanced Systems": 0.18162173116973118,
      "Direct Attacking": 0.20215166180798252,
      "High-Disruption Defense": 0.27152376924555416,
      "High-Efficiency Passing": 0.22595438029549794,
      "High-Line Pressing": 0.14922531849223475,
      "Progressive Dribbling": 0.22935151548468916
    },
    "secondary_identity": "Progressive Dribbling",
    "trait_scores": {
      "attempted_passes_for": 0.5798582788235361,
      "avg_vertical_distance_against": 0.3380132871560214,
      "avg_vertical_distance_for": -0.9492760193538506,
      "claiming": -2.325932224784318,
      "dribbling": -0.8993671494287823,
      "interrupting": 0.21433249174780106,
      "pass_completion_percentage_for": 0.8828262269540655,
      "passing": 0.306609177495526,
      "receiving": 0.38726639034296145
    },
    "z_score": -0.8993671494287823
  },
  "Lexington SC": {
    "explanation": "Lexington SC is classified under High-Efficiency Passing primarily due to its above-average Possession Quality (Z-score: +0.9) and below-average Attacking Directness (Z-score: -0.9).",
    "hybrid_flag": false,
    "hybrid_margin": 0.24043361453568632,
    "identity": "High-Efficiency Passing",
    "metric": "Possession Quality",
    "primary_cluster_id": 0,
    "primary_identity": "High-Efficiency Passing",
    "scores": {
      "Balanced Systems": 0.26216449738182923,
      "Direct Attacking": 0.1941392829416686,
      "High-Disruption Defense": 0.32350415050213255,
      "High-Efficiency Passing": 0.4259063551697486,
      "High-Line Pressing": 0.17535814884779224,
      "Progressive Dribbling": 0.3211888753736336
    },
    "secondary_identity": "High-Disruption Defense",
    "trait_scores": {
      "attempted_passes_for": -0.15453719803049712,
      "avg_vertical_distance_against": -0.6644462854444743,
      "avg_vertical_distance_for": -0.854687892304822,
      "claiming": -0.08035391698831269,
      "dribbling": 0.4881699938673041,
      "interrupting": -0.11188152316601382,
      "pass_completion_percentage_for": 0.9432594916965334,
      "passing": 0.1658633036607728,
      "receiving": -0.4722824040962359
    },