{
  "Chicago Stars FC": {
    "explanation": "Chicago Stars FC is classified under Progressive Dribbling primarily due to its below-average Possession Quality (Z-score: -2.9) and above-average Dribbling Impact (g+) (Z-score: +2.0).",
    "hybrid_flag": false,
    "hybrid_margin": 0.13216670470446826,
    "identity": "Progressive Dribbling",
    "metric": "Possession Quality",
    "primary_cluster_id": 3,
    "primary_identity": "Progressive Dribbling",
    "scores": {
      "Balanced Systems": 0.17552756886640578,
      "Direct Attacking": 0.19600275026897054,
      "High-Disruption Defense": 0.17151879850409432,
      "High-Efficiency Passing": 0.16473856296939973,
      "High-Line Pressing": 0.18768001921658867,
      "Progressive Dribbling": 0.22585299672604808
    },
    "secondary_identity": "Direct Attacking",
    "trait_scores": {
      "attempted_passes_for": -0.19418457629469413,
      "avg_vertical_distance_against": 0.2641810106198084,
      "avg_vertical_distance_for": 1.528773937688604,
      "claiming": 0.15555421049075233,
      "dribbling": 2.0366715567359437,
      "interrupting": -0.11863672869683832,
      "pass_completion_percentage_for": -2.890311519575724,
      "passing": -1.4308808812208331,
      "receiving": 0.048074538461257366
    },
    "z_score": -2.890311519575724
  },
  "Houston Dash": {
    "explanation": "Houston Dash is classified under Progressive Dribbling primarily due to its below-average Possession Quality (Z-score: -1.4) and below-average Passing Impact (g+) (Z-score: -0.4).",
    "hybrid_flag": false,
    "hybrid_margin": 0.2437076793479867,
    "identity": "Progressive Dribbling",
    "metric": "Possession Quality",
    "primary_cluster_id": 3,
    "primary_identity": "Progressive Dribbling",
    "scores": {
      "Balanced Systems": 0.24188879678254138,
      "Direct Attacking": 0.2860072054306798,
      "High-Disruption Defense": 0.28122966270187194,
      "High-Efficiency Passing": 0.22179030456390433,
      "High-Line Pressing": 0.22096342668621835,
      "Progressive Dribbling": 0.3781701834917688
    },
    "secondary_identity": "Direct Attacking",
    "trait_scores": {
      "attempted_passes_for": -0.42209135995908487,
      "avg_vertical_distance_against": -0.23510582103474903,
      "avg_vertical_distance_for": 0.7546615264865115,
      "claiming": -0.9282878468894804,
      "dribbling": 0.04028351558408994,
      "interrupting": 0.04752664213203192,
      "pass_completion_percentage_for": -1.4083827667604032,
      "passing": -0.3982156372877978,
      "receiving": -0.13283508169988015
    },
    "z_score": -1.4083827667604032
  },
  "Kansas City Current": {
    "explanation": "Kansas City Current is classified under High-Line Pressing primarily due to its below-average Possession Quality (Z-score: -2.1) and above-average Attacking Directness (Z-score: +1.5).",
    "hybrid_flag": true,
    "hybrid_margin": 0.0239966229070783,
    "identity": "High-Line Pressing",
    "metric": "Possession Quality",
    "primary_cluster_id": 1,
    "primary_identity": "High-Line Pressing",
    "scores": {
      "Balanced Systems": 0.2200548695444858,
      "Direct Attacking": 0.2556659387085021,
      "High-Disruption Defense": 0.19486030419031483,
      "High-Efficiency Passing": 0.16285347958402763,
      "High-Line Pressing": 0.26909934395874957,
      "Progressive Dribbling": 0.2626418684532327
    },
    "secondary_identity": "Progressive Dribbling",
    "trait_scores": {
      "attempted_passes_for": -0.5759546954744454,
      "avg_vertical_distance_against": 1.2426949800193703,
      "avg_vertical_distance_for": 1.5433198429406816,
      "claiming": -0.9995053948076887,
      "dribbling": -0.3931519348086105,
      "interrupting": -0.5067673421309556,
      "pass_completion_percentage_for": -2.112561677672646,
      "passing": -0.9463917299045295,
      "receiving": -0.7424059775524908
    },
    "z_score": -2.112561677672646
  },
  "NJ/NY Gotham FC": {
    "explanation": "NJ/NY Gotham FC is classified under Progressive Dribbling primarily due to its below-average Passing Impact (g+) (Z-score: -1.6) and above-average Opponent Directness (Z-score: +0.8).",
    "hybrid_flag": false,
    "hybrid_margin": 0.13154782875815232,
    "identity": "Progressive Dribbling",
    "metric": "Passing Impact (g+)",
    "primary_cluster_id": 3,
    "primary_identity": "Progressive Dribbling",
    "scores": {
      "Balanced Systems": 0.22551008156834598,
      "Direct Attacking": 0.20635044348112677,
      "High-Disruption Defense": 0.2661976006811368,
      "High-Efficiency Passing": 0.30136339192664097,
      "High-Line Pressing": 0.17697889865602576,
      "Progressive Dribbling": 0.3470120773919566
    },
    "secondary_identity": "High-Efficiency Passing",
    "trait_scores": {
      "attempted_passes_for": 0.47273158788451375,
      "avg_vertical_distance_against": 0.7862581751454311,
      "avg_vertical_distance_for": -0.3601271137341855,
      "claiming": 0.5149802726404598,
      "dribbling": 0.6332525907086987,
      "interrupting": 0.6588910992084261,
      "pass_completion_percentage_for": 0.05515325330720873,
      "passing": -1.5864719317644052,
      "receiving": -0.11657620823169611
    },
    "z_score": -1.5864719317644052
  },
  "North Carolina Courage": {
    "explanation": "North Carolina Courage is classified under Progressive Dribbling primarily due to its above-average Dribbling Impact (g+) (Z-score: +1.8) and above-average Opponent Directness (Z-score: +1.5).",
    "hybrid_flag": false,
    "hybrid_margin": 0.2318065156045471,
    "identity": "Progressive Dribbling",
    "metric": "Dribbling Impact (g+)",
    "primary_cluster_id": 3,
    "primary_identity": "Progressive Dribbling",
    "scores": {
      "Balanced Systems": 0.2142128092740545,
      "Direct Attacking": 0.2424286885855963,
      "High-Disruption Defense": 0.22458950276427075,
      "High-Efficiency Passing": 0.22141999382946545,
      "High-Line Pressing": 0.19548446989829,
      "Progressive Dribbling": 0.3155828495579958
    },
    "secondary_identity": "Direct Attacking",
    "trait_scores": {
      "attempted_passes_for": 0.13008371613102307,
      "avg_vertical_distance_against": 1.5269965057427373,
      "avg_vertical_distance_for": 0.29666422559869243,
      "claiming": 0.18504272642563546,
      "dribbling": 1.8184276503762387,
      "interrupting": -0.8649400875588074,
      "pass_completion_percentage_for": -0.6542807241043787,
      "passing": -0.034905434780374556,
      "receiving": 0.5280306439159906
    },
    "z_score": 1.8184276503762387
  },
  "Orlando Pride": {
    "explanation": "Orlando Pride is classified under Progressive Dribbling primarily due to its below-average Possession Quality (Z-score: -1.2) and below-average Receiving Impact (g+) (Z-score: -0.7).",
    "hybrid_flag": true,
    "hybrid_margin": 0.04235617186390908,
    "identity": "Progressive Dribbling",
    "metric": "Possession Quality",
    "primary_cluster_id": 3,
    "primary_identity": "Progressive Dribbling",
    "scores": {
      "Balanced Systems": 0.23670336590881688,
      "Direct Attacking": 0.30214835670473683,
      "High-Disruption Defense": 0.28367848774475746,
      "High-Efficiency Passing": 0.20183520212077286,
      "High-Line Pressing": 0.21604529719501,
      "Progressive Dribbling": 0.31551224773742775
    },
    "secondary_identity": "Direct Attacking",
    "trait_scores": {
      "attempted_passes_for": -0.4344319346505899,
      "avg_vertical_distance_against": 0.20715266615442712,
      "avg_vertical_distance_for": 1.0103674128030875,
      "claiming": -0.16436836804807406,
      "dribbling": -1.1740797588326064,
      "interrupting": 0.4273601009467666,
      "pass_completion_percentage_for": -1.208690239785288,
      "passing": 0.02795047881625191,
      "receiving": -0.6681370493644913
    },
    "z_score": -1.208690239785288
  },