{
  "Chattanooga Red Wolves SC": {
    "explanation": "Chattanooga Red Wolves SC is classified under High-Line Pressing primarily due to its below-average Passing Impact (g+) (Z-score: -1.7) and above-average Dribbling Impact (g+) (Z-score: +1.4).",
    "hybrid_flag": false,
    "hybrid_margin": 0.13744302671669317,
    "identity": "High-Line Pressing",
    "metric": "Passing Impact (g+)",
    "primary_cluster_id": 5,
    "primary_identity": "High-Line Pressing",
    "scores": {
      "Advanced Receiving": 0.2277511183835116,
      "Direct Attacking": 0.21675593761609674,
      "High-Disruption Defense": 0.26351560893114945,
      "High-Efficiency Passing": 0.2861300986573874,
      "High-Line Pressing": 0.3317231297843221,
      "Possession Dominant": 0.23605158790532974
    },
    "secondary_identity": "High-Efficiency Passing",
    "trait_scores": {
      "attempted_passes_for": -0.3496499178991254,
      "avg_vertical_distance_against": 0.24115347914550667,
      "avg_vertical_distance_for": -0.1493261552227691,
      "claiming": 0.46259384614199983,
      "dribbling": 1.4183624595780786,
      "interrupting": -0.037578084891695764,
      "pass_completion_percentage_for": -0.11012213859508359,
      "passing": -1.7206305642032613,
      "receiving": 0.21120205731312586
    },
    "z_score": -1.7206305642032613
  },
  "FC Tucson": {
    "explanation": "FC Tucson is classified under High-Efficiency Passing primarily due to its above-average Possession Quality (Z-score: +1.0) and below-average Attacking Directness (Z-score: -0.7).",
    "hybrid_flag": false,
    "hybrid_margin": 0.03090011428487744,
    "identity": "High-Efficiency Passing",
    "metric": "Possession Quality",
    "primary_cluster_id": 2,
    "primary_identity": "High-Efficiency Passing",
    "scores": {
      "Advanced Receiving": 0.22925004545564814,
      "Direct Attacking": 0.18019698092840378,
      "High-Disruption Defense": 0.2931897135094043,
      "High-Efficiency Passing": 0.35875370391673644,
      "High-Line Pressing": 0.2461392593177537,
      "Possession Dominant": 0.3476681734346861
    },
    "secondary_identity": "Possession Dominant",
    "trait_scores": {
      "attempted_passes_for": 0.7050834515429486,
      "avg_vertical_distance_against": -0.37819932676941415,
      "avg_vertical_distance_for": -0.7138742322653981,
      "claiming": 0.5717026449173173,
      "dribbling": 1.303469227341193,
      "interrupting": 0.03378164780830338,
      "pass_completion_percentage_for": 1.0049556753909297,
      "passing": -0.26043633510658853,
      "receiving": -0.6576544222399474
    },
    "z_score": 1.0049556753909297
  },
  "Fort Lauderdale CF": {
    "explanation": "Fort Lauderdale CF is classified under Possession Dominant primarily due to its above-average Possession Volume (Z-score: +1.5) and below-average Attacking Directness (Z-score: -1.5).",
    "hybrid_flag": false,
    "hybrid_margin": 0.18865139747740153,
    "identity": "Possession Dominant",
    "metric": "Possession Volume",
    "primary_cluster_id": 3,
    "primary_identity": "Possession Dominant",
    "scores": {
      "Advanced Receiving": 0.24278291461290422,
      "Direct Attacking": 0.16322198053030898,
      "High-Disruption Defense": 0.2194736317147968,
      "High-Efficiency Passing": 0.25693735617128965,
      "High-Line Pressing": 0.20025384951442382,
      "Possession Dominant": 0.3166793602171572
    },
    "secondary_identity": "High-Efficiency Passing",
    "trait_scores": {
      "attempted_passes_for": 1.454677538454448,
      "avg_vertical_distance_against": 0.67407155573327,
      "avg_vertical_distance_for": -1.4967409286527087,
      "claiming": -0.30012613384106623,
      "dribbling": -0.5728146039852063,
      "interrupting": -1.5298002086217093,
      "pass_completion_percentage_for": 1.3953666126618138,
      "passing": -0.15608362961502023,
      "receiving": -0.04587314294483574
    },
    "z_score": 1.454677538454448
  },
  "Forward Madison FC": {
    "explanation": "Forward Madison FC is classified under High-Disruption Defense primarily due to its above-average Defensive Disruption (g+) (Z-score: +1.7) and below-average Opponent Directness (Z-score: -1.2).",
    "hybrid_flag": false,
    "hybrid_margin": 0.07268220799559795,
    "identity": "High-Disruption Defense",
    "metric": "Defensive Disruption (g+)",
    "primary_cluster_id": 0,
    "primary_identity": "High-Disruption Defense",
    "scores": {
      "Advanced Receiving": 0.20280894715698944,
      "Direct Attacking": 0.20186051754711531,
      "High-Disruption Defense": 0.30883412666276133,
      "High-Efficiency Passing": 0.28638738035983746,
      "High-Line Pressing": 0.19564514246424466,
      "Possession Dominant": 0.2008428394024652
    },
    "secondary_identity": "High-Efficiency Passing",
    "trait_scores": {
      "attempted_passes_for": 0.21320835325524568,
      "avg_vertical_distance_against": -1.2004190851622007,
      "avg_vertical_distance_for": -0.03242750825090782,
      "claiming": 0.8427820232588575,
      "dribbling": -1.0362683046614394,
      "interrupting": 1.700975286631496,
      "pass_completion_percentage_for": -0.1742992789683812,
      "passing": 0.636429295645741,
      "receiving": 0.759562815983226
    },
    "z_score": 1.700975286631496
  },
  "Greenville Triumph SC": {
    "explanation": "Greenville Triumph SC is classified under Advanced Receiving primarily due to its above-average Receiving Impact (g+) (Z-score: +1.2) and below-average Claiming Impact (g+) (Z-score: -2.0).",
    "hybrid_flag": false,
    "hybrid_margin": 0.2815129081147394,
    "identity": "Advanced Receiving",
    "metric": "Receiving Impact (g+)",
    "primary_cluster_id": 1,
    "primary_identity": "Advanced Receiving",
    "scores": {
      "Advanced Receiving": 0.35389129284669735,
      "Direct Attacking": 0.2542663255594258,
      "High-Disruption Defense": 0.24034717069016756,
      "High-Efficiency Passing": 0.244481100562193,
      "High-Line Pressing": 0.2176606963491608,
      "Possession Dominant": 0.19072204897631262
    },
    "secondary_identity": "Direct Attacking",
    "trait_scores": {
      "attempted_passes_for": -0.12256267192318623,
      "avg_vertical_distance_against": 1.033957529429003,
      "avg_vertical_distance_for": 0.18050052790007673,
      "claiming": -2.0273783111123795,
      "dribbling": 0.10893250642983211,
      "interrupting": 0.07303442358366515,
      "pass_completion_percentage_for": -0.2277802292794611,
      "passing": 0.831075803232481,
      "receiving": 1.2376058621301047
    },
    "z_score": 1.2376058621301047
  },
  "New England Revolution II": {
    "explanation": "New England Revolution II is classified under High-Efficiency Passing primarily due to its above-average Claiming Impact (g+) (Z-score: +0.8) and above-average Possession Quality (Z-score: +0.6).",
    "hybrid_flag": false,
    "hybrid_margin": 0.07710663327280626,
    "identity": "High-Efficiency Passing",
    "metric": "Claiming Impact (g+)",
    "primary_cluster_id": 2,
    "primary_identity": "High-Efficiency Passing",
    "scores": {
      "Advanced Receiving": 0.22459255218074597,
      "Direct Attacking": 0.20035334923932605,
      "High-Disruption Defense": 0.373724009220261,
      "High-Efficiency Passing": 0.40494820178704355,
      "High-Line Pressing": 0.2549700895060851,
      "Possession Dominant": 0.29579059371140404
    },
    "secondary_identity": "High-Disruption Defense",
    "trait_scores": {
      "attempted_passes_for": 0.6358674945982719,
      "avg_vertical_distance_against": -0.911130810928766,
      "avg_vertical_distance_for": -0.27577383528060545,
      "claiming": 0.8341887288445724,
      "dribbling": -0.6725259160527121,
      "interrupting": -0.2902675050777928,
      "pass_completion_percentage_for": 0.6172187856356021,
      "passing": -0.26466060654963763,
      "receiving": -0.38137303011597695
    },
    "z_score": 0.8341887288445724
  },