{
  "Angel City FC": {
    "explanation": "Angel City FC is classified under High-Line Pressing primarily due to its below-average Passing Impact (g+) (Z-score: -1.1) and below-average Receiving Impact (g+) (Z-score: -1.1).",
    "hybrid_flag": false,
    "hybrid_margin": 0.05247916131268233,
    "identity": "High-Line Pressing",
    "metric": "Passing Impact (g+)",
    "primary_cluster_id": 5,
    "primary_identity": "High-Line Pressing",
    "scores": {
      "Advanced Receiving": 0.2110853623414538,
      "Direct Attacking": 0.2476803822914334,
      "High-Disruption Defense": 0.36101925731660034,
      "High-Efficiency Passing": 0.3282756794244449,
      "High-Line Pressing": 0.3810145831401773,
      "Possession Dominant": 0.22752012450002487
    },
    "secondary_identity": "High-Disruption Defense",
    "trait_scores": {
      "attempted_passes_for": -0.2965805054571782,
      "avg_vertical_distance_against": -0.1220804439498927,
      "avg_vertical_distance_for": 0.2847732939299458,
      "claiming": 0.20908752651726484,
      "dribbling": -0.6774963867982783,
      "interrupting": -0.41113282936339945,
      "pass_completion_percentage_for": -0.1329680695128196,
      "passing": -1.064551819905096,
      "receiving": -1.0948597427649822
    },
    "z_score": -1.064551819905096
  },
  "Chicago Stars FC": {
    "explanation": "Chicago Stars FC is classified under Possession Dominant primarily due to its above-average Possession Volume (Z-score: +1.2) and below-average Attacking Directness (Z-score: -1.1).",
    "hybrid_flag": false,
    "hybrid_margin": 0.18147484966910515,
    "identity": "Possession Dominant",
    "metric": "Possession Volume",
    "primary_cluster_id": 3,
    "primary_identity": "Possession Dominant",
    "scores": {
      "Advanced Receiving": 0.20420929959660655,
      "Direct Attacking": 0.15565071776193212,
      "High-Disruption Defense": 0.1982318734177449,
      "High-Efficiency Passing": 0.22896521931122887,
      "High-Line Pressing": 0.21543952635739214,
      "Possession Dominant": 0.2797289972093623
    },
    "secondary_identity": "High-Efficiency Passing",
    "trait_scores": {
      "attempted_passes_for": 1.2180585285519046,
      "avg_vertical_distance_against": -0.26684401495702914,
      "avg_vertical_distance_for": -1.097536735906434,
      "claiming": 0.65784054075686,
      "dribbling": 1.7402166761820632,
      "interrupting": -1.9796477019145045,
      "pass_completion_percentage_for": 0.9133950395946069,
      "passing": -1.1062455493674082,
      "receiving": -0.2692984841231186
    },
    "z_score": 1.2180585285519046
  },
  "Houston Dash": {
    "explanation": "Houston Dash is classified under High-Line Pressing primarily due to its below-average Possession Quality (Z-score: -1.1) and below-average Defensive Disruption (g+) (Z-score: -0.9).",
    "hybrid_flag": false,
    "hybrid_margin": 0.10806404498067014,
    "identity": "High-Line Pressing",
    "metric": "Possession Quality",
    "primary_cluster_id": 5,
    "primary_identity": "High-Line Pressing",
    "scores": {
      "Advanced Receiving": 0.23010250063217352,
      "Direct Attacking": 0.3427908724595834,
      "High-Disruption Defense": 0.2945029848766571,
      "High-Efficiency Passing": 0.27106591149721365,
      "High-Line Pressing": 0.38432229426183245,
      "Possession Dominant": 0.18031935922278428
    },
    "secondary_identity": "Direct Attacking",
    "trait_scores": {
      "attempted_passes_for": -1.0348050769123875,
      "avg_vertical_distance_against": -0.00935040800237651,
      "avg_vertical_distance_for": 0.7776045429970504,
      "claiming": -0.2843087998822277,
      "dribbling": 0.5367535113019359,
      "interrupting": -0.8909999443672647,
      "pass_completion_percentage_for": -1.0959002330435756,
      "passing": 0.3968785942554147,
      "receiving": -0.824470373706174
    },
    "z_score": -1.0959002330435756
  },
  "Kansas City Current": {
    "explanation": "Kansas City Current is classified under Direct Attacking primarily due to its below-average Possession Quality (Z-score: -1.6) and above-average Attacking Directness (Z-score: +1.5).",
    "hybrid_flag": false,
    "hybrid_margin": 0.36464118799593587,
    "identity": "Direct Attacking",
    "metric": "Possession Quality",
    "primary_cluster_id": 4,
    "primary_identity": "Direct Attacking",
    "scores": {
      "Advanced Receiving": 0.19509200304309102,
      "Direct Attacking": 0.38689112602567033,
      "High-Disruption Defense": 0.2381488429115381,
      "High-Efficiency Passing": 0.21327355725735483,
      "High-Line Pressing": 0.24581468584194335,
      "Possession Dominant": 0.144461594610615
    },
    "secondary_identity": "High-Line Pressing",
    "trait_scores": {
      "attempted_passes_for": -1.658507193037844,
      "avg_vertical_distance_against": 0.9331006999812063,
      "avg_vertical_distance_for": 1.4746055866082923,
      "claiming": 0.16725147940148344,
      "dribbling": -1.3332922915439789,
      "interrupting": 0.0844178776819017,
      "pass_completion_percentage_for": -1.5686755913113808,
      "passing": 0.7443728592716421,
      "receiving": -0.1394433649263771
    },
    "z_score": -1.5686755913113808
  },
  "NJ/NY Gotham FC": {
    "explanation": "NJ/NY Gotham FC is classified under High-Disruption Defense primarily due to its below-average Opponent Directness (Z-score: -1.2) and above-average Defensive Disruption (g+) (Z-score: +1.1).",
    "hybrid_flag": false,
    "hybrid_margin": 0.06593638422055793,
    "identity": "High-Disruption Defense",
    "metric": "Opponent Directness",
    "primary_cluster_id": 0,
    "primary_identity": "High-Disruption Defense",
    "scores": {
      "Advanced Receiving": 0.17948062723398792,
      "Direct Attacking": 0.19044609129615558,
      "High-Disruption Defense": 0.32285983886580033,
      "High-Efficiency Passing": 0.3015716284150211,
      "High-Line Pressing": 0.23721006976053924,
      "Possession Dominant": 0.22437062127168378
    },
    "secondary_identity": "High-Efficiency Passing",
    "trait_scores": {
      "attempted_passes_for": -0.21003941692400147,
      "avg_vertical_distance_against": -1.2485055702267047,
      "avg_vertical_distance_for": -0.1441928492262684,
      "claiming": 1.4783027396919837,
      "dribbling": -0.2729807241406087,
      "interrupting": 1.0991469941507872,
      "pass_completion_percentage_for": 0.21813715978900763,
      "passing": -0.9405467594775895,
      "receiving": -0.633184968053721
    },
    "z_score": -1.2485055702267047
  },
  "North Carolina Courage": {
    "explanation": "North Carolina Courage is classified under Possession Dominant primarily due to its above-average Possession Volume (Z-score: +1.8) and below-average Attacking Directness (Z-score: -1.5).",
    "hybrid_flag": false,
    "hybrid_margin": 0.08672415796579253,
    "identity": "Possession Dominant",
    "metric": "Possession Volume",
    "primary_cluster_id": 3,
    "primary_identity": "Possession Dominant",
    "scores": {
      "Advanced Receiving": 0.23799485512382187,
      "Direct Attacking": 0.14911959428913388,
      "High-Disruption Defense": 0.18790075923081617,
      "High-Efficiency Passing": 0.20784480417256854,
      "High-Line Pressing": 0.1627456770795178,
      "Possession Dominant": 0.26059471219609
    },
    "secondary_identity": "Advanced Receiving",
    "trait_scores": {
      "attempted_passes_for": 1.8342290642748977,
      "avg_vertical_distance_against": 0.2551450645390776,
      "avg_vertical_distance_for": -1.497603642881901,
      "claiming": -2.373176523972402,
      "dribbling": 1.0207762094892079,
      "interrupting": -0.00897404423016463,
      "pass_completion_percentage_for": 1.4313621600497748,
      "passing": 0.43853127186833724,
      "receiving": 0.8817838244562419
    },
    "z_score": 1.8342290642748977
  },