{
  "Central Valley Fuego FC": {
    "explanation": "Central Valley Fuego FC is classified under Progressive Dribbling primarily due to its below-average Defensive Disruption (g+) (Z-score: -1.0) and below-average Passing Impact (g+) (Z-score: -0.4).",
    "hybrid_flag": false,
    "hybrid_margin": 0.19787972801091105,
    "identity": "Progressive Dribbling",
    "metric": "Defensive Disruption (g+)",
    "primary_cluster_id": 3,
    "primary_identity": "Progressive Dribbling",
    "scores": {
      "Balanced Systems": 0.3418072778545181,
      "Direct Attacking": 0.22188205757777218,
      "High-Disruption Defense": 0.2962764102689728,
      "High-Efficiency Passing": 0.30483200189615317,
      "High-Line Pressing": 0.22118610747519735,
      "Progressive Dribbling": 0.4261297089584682
    },
    "secondary_identity": "Balanced Systems",
    "trait_scores": {
      "attempted_passes_for": -0.0657900864192482,
      "avg_vertical_distance_against": -0.26430265300781747,
      "avg_vertical_distance_for": 0.09906247446937705,
      "claiming": 0.01645743721300172,
      "dribbling": 0.3565845616893264,
      "interrupting": -1.0418420323972761,
      "pass_completion_percentage_for": 0.273238513030033,
      "passing": -0.3787242602349978,
      "receiving": -0.5004936480713336
    },
    "z_score": -1.0418420323972761
  },
  "Charlotte Independence": {
    "explanation": "Charlotte Independence is classified under High-Efficiency Passing primarily due to its above-average Dribbling Impact (g+) (Z-score: +1.2) and below-average Opponent Directness (Z-score: -1.3).",
    "hybrid_flag": false,
    "hybrid_margin": 0.1846819103307073,
    "identity": "High-Efficiency Passing",
    "metric": "Dribbling Impact (g+)",
    "primary_cluster_id": 0,
    "primary_identity": "High-Efficiency Passing",
    "scores": {
      "Balanced Systems": 0.17562509402370366,
      "Direct Attacking": 0.18290392922395726,
      "High-Disruption Defense": 0.2852778030831814,
      "High-Efficiency Passing": 0.3498975514986758,
      "High-Line Pressing": 0.1373202572164674,
      "Progressive Dribbling": 0.23595334564560339
    },
    "secondary_identity": "High-Disruption Defense",
    "trait_scores": {
      "attempted_passes_for": 0.5420488584921165,
      "avg_vertical_distance_against": -1.2607758248080798,
      "avg_vertical_distance_for": -0.0835164564815636,
      "claiming": 1.261651751595425,
      "dribbling": 1.232517163132145,
      "interrupting": 1.2426656815216968,
      "pass_completion_percentage_for": 0.7724698304678158,
      "passing": 0.3822326985414673,
      "receiving": 0.5615885208048683
    },
    "z_score": 1.232517163132145
  },
  "Chattanooga Red Wolves SC": {
    "explanation": "Chattanooga Red Wolves SC is classified under Progressive Dribbling primarily due to its above-average Dribbling Impact (g+) (Z-score: +1.3) and above-average Opponent Directness (Z-score: +0.9).",
    "hybrid_flag": false,
    "hybrid_margin": 0.2632509956257227,
    "identity": "Progressive Dribbling",
    "metric": "Dribbling Impact (g+)",
    "primary_cluster_id": 3,
    "primary_identity": "Progressive Dribbling",
    "scores": {
      "Balanced Systems": 0.23064639692782024,
      "Direct Attacking": 0.2571648217676398,
      "High-Disruption Defense": 0.2759228385456994,
      "High-Efficiency Passing": 0.2614436031453747,
      "High-Line Pressing": 0.1938334086615918,
      "Progressive Dribbling": 0.374514030111642
    },
    "secondary_identity": "High-Disruption Defense",
    "trait_scores": {
      "attempted_passes_for": -0.13720788037859644,
      "avg_vertical_distance_against": 0.8594603042289874,
      "avg_vertical_distance_for": 0.6334456493858648,
      "claiming": 0.8482561414139502,
      "dribbling": 1.3211787500907752,
      "interrupting": 0.2396828690251621,
      "pass_completion_percentage_for": -0.3074463351476017,
      "passing": 0.0832138211190547,
      "receiving": 0.07464347198502298
    },
    "z_score": 1.3211787500907752
  },
  "Forward Madison FC": {
    "explanation": "Forward Madison FC is classified under High-Disruption Defense primarily due to its above-average Passing Impact (g+) (Z-score: +1.3) and above-average Receiving Impact (g+) (Z-score: +0.7).",
    "hybrid_flag": false,
    "hybrid_margin": 0.3124134334233713,
    "identity": "High-Disruption Defense",
    "metric": "Passing Impact (g+)",
    "primary_cluster_id": 2,
    "primary_identity": "High-Disruption Defense",
    "scores": {
      "Balanced Systems": 0.1997386047794777,
      "Direct Attacking": 0.24679520363992774,
      "High-Disruption Defense": 0.4180802877059462,
      "High-Efficiency Passing": 0.2874663892646872,
      "High-Line Pressing": 0.15646541355525215,
      "Progressive Dribbling": 0.27650479136902145
    },
    "secondary_identity": "High-Efficiency Passing",
    "trait_scores": {
      "attempted_passes_for": 0.37952086415080555,
      "avg_vertical_distance_against": -0.1406887277117688,
      "avg_vertical_distance_for": -0.3542451629765151,
      "claiming": -0.7062893967381904,
      "dribbling": -0.3015810650073357,
      "interrupting": -0.027771871692539963,
      "pass_completion_percentage_for": 0.7593321642194545,
      "passing": 1.2639908662614485,
      "receiving": 0.7258013180441331
    },
    "z_score": 1.2639908662614485
  },
  "Greenville Triumph SC": {
    "explanation": "Greenville Triumph SC is classified under Direct Attacking primarily due to its above-average Attacking Directness (Z-score: +1.4) and above-average Passing Impact (g+) (Z-score: +1.8).",
    "hybrid_flag": false,
    "hybrid_margin": 0.31894315418497454,
    "identity": "Direct Attacking",
    "metric": "Attacking Directness",
    "primary_cluster_id": 5,
    "primary_identity": "Direct Attacking",
    "scores": {
      "Balanced Systems": 0.19120268549151143,
      "Direct Attacking": 0.38793300502280637,
      "High-Disruption Defense": 0.26420442846943376,
      "High-Efficiency Passing": 0.18789830391171242,
      "High-Line Pressing": 0.17937172440118507,
      "Progressive Dribbling": 0.2556238550283128
    },
    "secondary_identity": "High-Disruption Defense",
    "trait_scores": {
      "attempted_passes_for": -0.15585002512533808,
      "avg_vertical_distance_against": 0.6355479093851676,
      "avg_vertical_distance_for": 1.4125656673140827,
      "claiming": 0.4754767890295787,
      "dribbling": -0.36224676625068025,
      "interrupting": -0.2932808195127762,
      "pass_completion_percentage_for": -1.0379005785565731,
      "passing": 1.8275409713985085,
      "receiving": 0.5384501913349947
    },
    "z_score": 1.4125656673140827
  },
  "Lexington SC": {
    "explanation": "Lexington SC is classified under Progressive Dribbling primarily due to its below-average Receiving Impact (g+) (Z-score: -0.4).",
    "hybrid_flag": false,
    "hybrid_margin": 0.19453875543699992,
    "identity": "Progressive Dribbling",
    "metric": "Opponent Directness",
    "primary_cluster_id": 3,
    "primary_identity": "Progressive Dribbling",
    "scores": {
      "Balanced Systems": 0.28849546649804714,
      "Direct Attacking": 0.23995157320951727,
      "High-Disruption Defense": 0.3634366873306446,
      "High-Efficiency Passing": 0.34813348422226126,
      "High-Line Pressing": 0.19828956827973257,
      "Progressive Dribbling": 0.4512156109042398
    },
    "secondary_identity": "High-Disruption Defense",
    "trait_scores": {
      "attempted_passes_for": 0.04133660451977416,
      "avg_vertical_distance_against": 0.274578443588635,
      "avg_vertical_distance_for": -0.13089000582712731,
      "claiming": 0.5166494339197928,
      "dribbling": 0.1847937944892266,
      "interrupting": -0.17748778557679365,
      "pass_completion_percentage_for": 0.42563544151103894,
      "passing": -0.0024575803455777973,
      "receiving": -0.3660066700011721
    },
    "z_score": 0.274578443588635
  },