{
  "AV Alta FC": {
    "explanation": "AV Alta FC is classified under Possession Dominant primarily due to its above-average Possession Volume (Z-score: +1.9) and below-average Passing Impact (g+) (Z-score: -2.7).",
    "hybrid_flag": false,
    "hybrid_margin": 0.11830870675621494,
    "identity": "Possession Dominant",
    "metric": "Possession Volume",
    "primary_cluster_id": 3,
    "primary_identity": "Possession Dominant",
    "scores": {
      "Advanced Receiving": 0.1465921120214603,
      "Direct Attacking": 0.13081090442526846,
      "High-Disruption Defense": 0.17115895067862133,
      "High-Efficiency Passing": 0.18569017764993892,
      "High-Line Pressing": 0.16520108452249724,
      "Possession Dominant": 0.21060679536154253
    },
    "secondary_identity": "High-Efficiency Passing",
    "trait_scores": {
      "attempted_passes_for": 1.8536323429294828,
      "avg_vertical_distance_against": 1.0737208748272669,
      "avg_vertical_distance_for": -1.2671751529421955,
      "claiming": 1.9480700789718637,
      "dribbling": -0.5615148263471275,
      "interrupting": 0.91711206231996,
      "pass_completion_percentage_for": 1.5266469382785044,
      "passing": -2.7074441611057063,
      "receiving": -1.146797594637228
    },
    "z_score": 1.8536323429294828
  },
  "Charlotte Independence": {
    "explanation": "Charlotte Independence is classified under High-Disruption Defense primarily due to its below-average Opponent Directness (Z-score: -1.6) and above-average Defensive Disruption (g+) (Z-score: +1.7).",
    "hybrid_flag": false,
    "hybrid_margin": 0.030074850218214898,
    "identity": "High-Disruption Defense",
    "metric": "Opponent Directness",
    "primary_cluster_id": 0,
    "primary_identity": "High-Disruption Defense",
    "scores": {
      "Advanced Receiving": 0.19636844517640223,
      "Direct Attacking": 0.17230858206233265,
      "High-Disruption Defense": 0.24996628913849483,
      "High-Efficiency Passing": 0.24244859040297675,
      "High-Line Pressing": 0.16447272290894344,
      "Possession Dominant": 0.19418422524675927
    },
    "secondary_identity": "High-Efficiency Passing",
    "trait_scores": {
      "attempted_passes_for": 0.2692212056878544,
      "avg_vertical_distance_against": -1.6135872390713213,
      "avg_vertical_distance_for": -0.36661115858171683,
      "claiming": 0.37021642196834537,
      "dribbling": -1.092659249114573,
      "interrupting": 1.7064266652448943,
      "pass_completion_percentage_for": 0.6858570781510687,
      "passing": 1.3132972717592764,
      "receiving": 1.4840393745556042
    },
    "z_score": -1.6135872390713213
  },
  "Chattanooga Red Wolves SC": {
    "explanation": "Chattanooga Red Wolves SC is classified under Direct Attacking primarily due to its below-average Possession Quality (Z-score: -2.8) and above-average Attacking Directness (Z-score: +2.8).",
    "hybrid_flag": false,
    "hybrid_margin": 0.19901940785067554,
    "identity": "Direct Attacking",
    "metric": "Possession Quality",
    "primary_cluster_id": 4,
    "primary_identity": "Direct Attacking",
    "scores": {
      "Advanced Receiving": 0.13890987327302318,
      "Direct Attacking": 0.23328975538123464,
      "High-Disruption Defense": 0.17348479281846982,
      "High-Efficiency Passing": 0.1533129175057448,
      "High-Line Pressing": 0.18686056620861297,
      "Possession Dominant": 0.11911815476406704
    },
    "secondary_identity": "High-Line Pressing",
    "trait_scores": {
      "attempted_passes_for": -2.4667920061315787,
      "avg_vertical_distance_against": -1.1431382532312304,
      "avg_vertical_distance_for": 2.8181726094086827,
      "claiming": -0.9863536265756517,
      "dribbling": -0.42008437769545104,
      "interrupting": 0.35060126260159963,
      "pass_completion_percentage_for": -2.7868733813646465,
      "passing": -0.2917749040694365,
      "receiving": -0.8277811679499875
    },
    "z_score": -2.7868733813646465
  },
  "FC Naples": {
    "explanation": "FC Naples is classified under High-Disruption Defense primarily due to its above-average Defensive Disruption (g+) (Z-score: +1.1) and below-average Dribbling Impact (g+) (Z-score: -1.3).",
    "hybrid_flag": false,
    "hybrid_margin": 0.20575551015931076,
    "identity": "High-Disruption Defense",
    "metric": "Defensive Disruption (g+)",
    "primary_cluster_id": 0,
    "primary_identity": "High-Disruption Defense",
    "scores": {
      "Advanced Receiving": 0.20992796291097576,
      "Direct Attacking": 0.2724206873127753,
      "High-Disruption Defense": 0.3860089966275213,
      "High-Efficiency Passing": 0.3065855183945865,
      "High-Line Pressing": 0.25047529462252344,
      "Possession Dominant": 0.1881743102098979
    },
    "secondary_identity": "High-Efficiency Passing",
    "trait_scores": {
      "attempted_passes_for": -0.8249787323191017,
      "avg_vertical_distance_against": -0.5063581402738735,
      "avg_vertical_distance_for": 0.5062585525883864,
      "claiming": 0.5120737103516515,
      "dribbling": -1.2557882839995427,
      "interrupting": 1.0631217594050237,
      "pass_completion_percentage_for": -0.5060072714444733,
      "passing": 0.1416808071232364,
      "receiving": 0.14489254157433343
    },
    "z_score": 1.0631217594050237
  },
  "Forward Madison FC": {
    "explanation": "Forward Madison FC is classified under High-Disruption Defense primarily due to its below-average Dribbling Impact (g+) (Z-score: -1.9) and below-average Opponent Directness (Z-score: -0.5).",
    "hybrid_flag": true,
    "hybrid_margin": 0.02070185905036401,
    "identity": "High-Disruption Defense",
    "metric": "Dribbling Impact (g+)",
    "primary_cluster_id": 0,
    "primary_identity": "High-Disruption Defense",
    "scores": {
      "Advanced Receiving": 0.22274799555936073,
      "Direct Attacking": 0.18970253666576495,
      "High-Disruption Defense": 0.2603235851239598,
      "High-Efficiency Passing": 0.2549344029365363,
      "High-Line Pressing": 0.2029969462897877,
      "Possession Dominant": 0.23903297065142662
    },
    "secondary_identity": "High-Efficiency Passing",
    "trait_scores": {
      "attempted_passes_for": 0.3691124492338474,
      "avg_vertical_distance_against": -0.5164954022313011,
      "avg_vertical_distance_for": -0.8093080973085415,
      "claiming": -1.5892668523885705,
      "dribbling": -1.8536904930426363,
      "interrupting": -0.6979872574929014,
      "pass_completion_percentage_for": 0.7037462241112249,
      "passing": -0.15238896799608803,
      "receiving": 0.131583083515204
    },
    "z_score": -1.8536904930426363
  },
  "Greenville Triumph SC": {
    "explanation": "Greenville Triumph SC is classified under High-Efficiency Passing primarily due to its below-average Attacking Directness (Z-score: -0.3).",
    "hybrid_flag": false,
    "hybrid_margin": 0.13095062199886298,
    "identity": "High-Efficiency Passing",
    "metric": "Attacking Directness",
    "primary_cluster_id": 2,
    "primary_identity": "High-Efficiency Passing",
    "scores": {
      "Advanced Receiving": 0.3589382109710828,
      "Direct Attacking": 0.2522924352149789,
      "High-Disruption Defense": 0.337304912308243,
      "High-Efficiency Passing": 0.41302395489610927,
      "High-Line Pressing": 0.3421534192595801,
      "Possession Dominant": 0.27266085740374324
    },
    "secondary_identity": "Advanced Receiving",
    "trait_scores": {
      "attempted_passes_for": 0.12379156676404111,
      "avg_vertical_distance_against": 0.5112362212157943,
      "avg_vertical_distance_for": -0.3079886525502862,
      "claiming": -0.2873347318592702,
      "dribbling": 0.6129778050401887,
      "interrupting": -0.7596454289594335,
      "pass_completion_percentage_for": 0.11564055067102354,
      "passing": 0.08107864276148553,
      "receiving": 0.012810381219537875
    },
    "z_score": -0.3079886525502862
  },