{
  "Angel City FC": {
    "explanation": "Angel City FC is classified under High-Efficiency Passing primarily due to its below-average Attacking Directness (Z-score: -0.8) and above-average Possession Volume (Z-score: +0.5).",
    "hybrid_flag": true,
    "hybrid_margin": 0.002485962858703367,
    "identity": "High-Efficiency Passing",
    "metric": "Attacking Directness",
    "primary_cluster_id": 2,
    "primary_identity": "High-Efficiency Passing",
    "scores": {
      "Advanced Receiving": 0.2648751767698762,
      "Direct Attacking": 0.2047966088066353,
      "High-Disruption Defense": 0.24374287270355016,
      "High-Efficiency Passing": 0.277253858283645,
      "High-Line Pressing": 0.2765646154870337,
      "Possession Dominant": 0.24455579136475025
    },
    "secondary_identity": "High-Line Pressing",
    "trait_scores": {
      "attempted_passes_for": 0.4726770466111722,
      "avg_vertical_distance_against": 1.1069788142674148,
      "avg_vertical_distance_for": -0.8304400791387808,
      "claiming": -0.3586535016111119,
      "dribbling": 0.026856355242643754,
      "interrupting": -1.8407040255276792,
      "pass_completion_percentage_for": 0.2199391496725675,
      "passing": -0.026646559424639633,
      "receiving": -0.7291071449436728
    },
    "z_score": -0.8304400791387808
  },
  "Bay FC": {
    "explanation": "Bay FC is classified under High-Efficiency Passing primarily due to its above-average Claiming Impact (g+) (Z-score: +0.8).",
    "hybrid_flag": false,
    "hybrid_margin": 0.12034002873316106,
    "identity": "High-Efficiency Passing",
    "metric": "Claiming Impact (g+)",
    "primary_cluster_id": 2,
    "primary_identity": "High-Efficiency Passing",
    "scores": {
      "Advanced Receiving": 0.2803408382587602,
      "Direct Attacking": 0.26149404870738957,
      "High-Disruption Defense": 0.3664863781477151,
      "High-Efficiency Passing": 0.4166227749800428,
      "High-Line Pressing": 0.3477984642586012,
      "Possession Dominant": 0.2491433226534831
    },
    "secondary_identity": "High-Disruption Defense",
    "trait_scores": {
      "attempted_passes_for": 0.007193368161007033,
      "avg_vertical_distance_against": -0.16931334897180722,
      "avg_vertical_distance_for": 0.005757177794991337,
      "claiming": 0.8467581570368601,
      "dribbling": 0.11672522548077773,
      "interrupting": -0.33175784640680017,
      "pass_completion_percentage_for": -0.31307504137940695,
      "passing": -0.5217214446174016,
      "receiving": 0.558541853256956
    },
    "z_score": 0.8467581570368601
  },
  "Chicago Stars FC": {
    "explanation": "Chicago Stars FC is classified under Direct Attacking primarily due to its below-average Possession Quality (Z-score: -2.5) and above-average Attacking Directness (Z-score: +2.6).",
    "hybrid_flag": false,
    "hybrid_margin": 0.12192049031250221,
    "identity": "Direct Attacking",
    "metric": "Possession Quality",
    "primary_cluster_id": 4,
    "primary_identity": "Direct Attacking",
    "scores": {
      "Advanced Receiving": 0.13607060880304092,
      "Direct Attacking": 0.2061584930212138,
      "High-Disruption Defense": 0.17679471928229476,
      "High-Efficiency Passing": 0.1566275159423671,
      "High-Line Pressing": 0.18102354834806036,
      "Possession Dominant": 0.1225662836662399
    },
    "secondary_identity": "High-Line Pressing",
    "trait_scores": {
      "attempted_passes_for": -1.9572950080834344,
      "avg_vertical_distance_against": -0.8835418784285552,
      "avg_vertical_distance_for": 2.566332325950431,
      "claiming": -1.0364645268347923,
      "dribbling": 0.4636293298713792,
      "interrupting": 1.818102459388758,
      "pass_completion_percentage_for": -2.4671571853828436,
      "passing": -0.11358032407410122,
      "receiving": -1.7200674704634034
    },
    "z_score": -2.4671571853828436
  },
  "Houston Dash": {
    "explanation": "Houston Dash is classified under High-Line Pressing primarily due to its below-average Passing Impact (g+) (Z-score: -2.0) and below-average Receiving Impact (g+) (Z-score: -1.2).",
    "hybrid_flag": false,
    "hybrid_margin": 0.14731656492142792,
    "identity": "High-Line Pressing",
    "metric": "Passing Impact (g+)",
    "primary_cluster_id": 5,
    "primary_identity": "High-Line Pressing",
    "scores": {
      "Advanced Receiving": 0.16057390573055294,
      "Direct Attacking": 0.20040438650489203,
      "High-Disruption Defense": 0.23979319082579867,
      "High-Efficiency Passing": 0.2224658836608422,
      "High-Line Pressing": 0.2812218240770903,
      "Possession Dominant": 0.17788231367742852
    },
    "secondary_identity": "High-Disruption Defense",
    "trait_scores": {
      "attempted_passes_for": -1.1423958836936658,
      "avg_vertical_distance_against": -1.0908574480134778,
      "avg_vertical_distance_for": 0.39025039059860517,
      "claiming": 1.3059158026256787,
      "dribbling": -0.37196734336695253,
      "interrupting": -0.6603471215462724,
      "pass_completion_percentage_for": -0.639050662353345,
      "passing": -2.022006778701287,
      "receiving": -1.2440599844064768
    },
    "z_score": -2.022006778701287
  },
  "Kansas City Current": {
    "explanation": "Kansas City Current is classified under Advanced Receiving primarily due to its above-average Receiving Impact (g+) (Z-score: +1.8) and above-average Passing Impact (g+) (Z-score: +1.3).",
    "hybrid_flag": false,
    "hybrid_margin": 0.19457401505730693,
    "identity": "Advanced Receiving",
    "metric": "Receiving Impact (g+)",
    "primary_cluster_id": 1,
    "primary_identity": "Advanced Receiving",
    "scores": {
      "Advanced Receiving": 0.2922980653075053,
      "Direct Attacking": 0.23542445695256706,
      "High-Disruption Defense": 0.20556881220968148,
      "High-Efficiency Passing": 0.21156991225407298,
      "High-Line Pressing": 0.20681792634858637,
      "Possession Dominant": 0.16813247104822154
    },
    "secondary_identity": "Direct Attacking",
    "trait_scores": {
      "attempted_passes_for": -0.48985391357206465,
      "avg_vertical_distance_against": 0.09206080197107867,
      "avg_vertical_distance_for": 0.5702231440140204,
      "claiming": -1.271652652173512,
      "dribbling": 1.8321085191204913,
      "interrupting": -0.7111046467457907,
      "pass_completion_percentage_for": -0.8064435487994207,
      "passing": 1.3042353107432192,
      "receiving": 1.768071373608442
    },
    "z_score": 1.768071373608442
  },
  "NJ/NY Gotham FC": {
    "explanation": "NJ/NY Gotham FC is classified under Advanced Receiving primarily due to its above-average Opponent Directness (Z-score: +2.0) and above-average Receiving Impact (g+) (Z-score: +1.3).",
    "hybrid_flag": false,
    "hybrid_margin": 0.11496805828029127,
    "identity": "Advanced Receiving",
    "metric": "Opponent Directness",
    "primary_cluster_id": 1,
    "primary_identity": "Advanced Receiving",
    "scores": {
      "Advanced Receiving": 0.26381289273891495,
      "Direct Attacking": 0.20554743619538265,
      "High-Disruption Defense": 0.2075135936912049,
      "High-Efficiency Passing": 0.23348283659644709,
      "High-Line Pressing": 0.2076776221674374,
      "Possession Dominant": 0.17733171789648183
    },
    "secondary_identity": "High-Efficiency Passing",
    "trait_scores": {
      "attempted_passes_for": 0.4304204602848153,
      "avg_vertical_distance_against": 1.9633613909988112,
      "avg_vertical_distance_for": -0.06368526316544297,
      "claiming": 1.652246968791634,
      "dribbling": -0.6904628648037203,
      "interrupting": -1.0181503515517316,
      "pass_completion_percentage_for": -0.12365677513779748,
      "passing": 1.0050915921704908,
      "receiving": 1.2521892968183184
    },
    "z_score": 1.9633613909988112
  },