{
  "Angel City FC": {
    "explanation": "Angel City FC is classified under Progressive Dribbling primarily due to its below-average Passing Impact (g+) (Z-score: -1.2) and above-average Dribbling Impact (g+) (Z-score: +0.9).",
    "hybrid_flag": true,
    "hybrid_margin": 0.045671009847539974,
    "identity": "Progressive Dribbling",
    "metric": "Passing Impact (g+)",
    "primary_cluster_id": 3,
    "primary_identity": "Progressive Dribbling",
    "scores": {
      "Balanced Systems": 0.3022192692982442,
      "Direct Attacking": 0.1780520324970022,
      "High-Disruption Defense": 0.22569548871473563,
      "High-Efficiency Passing": 0.2753779847006968,
      "High-Line Pressing": 0.20766225784904094,
      "Progressive Dribbling": 0.3166824779111382
    },
    "secondary_identity": "Balanced Systems",
    "trait_scores": {
      "attempted_passes_for": -0.2543120572384101,
      "avg_vertical_distance_against": -0.27049910295893675,
      "avg_vertical_distance_for": -1.2014845295442445,
      "claiming": -0.5315838495013356,
      "dribbling": 0.8699060573513681,
      "interrupting": -1.1810580072499222,
      "pass_completion_percentage_for": -0.047320543430018354,
      "passing": -1.184972228868647,
      "receiving": -0.7658910170065341
    },
    "z_score": -1.184972228868647
  },
  "Bay FC": {
    "explanation": "Bay FC is classified under Progressive Dribbling primarily due to its below-average Passing Impact (g+) (Z-score: -1.6) and above-average Dribbling Impact (g+) (Z-score: +1.1).",
    "hybrid_flag": true,
    "hybrid_margin": 0.04110439940576316,
    "identity": "Progressive Dribbling",
    "metric": "Passing Impact (g+)",
    "primary_cluster_id": 3,
    "primary_identity": "Progressive Dribbling",
    "scores": {
      "Balanced Systems": 0.2608017147803764,
      "Direct Attacking": 0.18076966659586377,
      "High-Disruption Defense": 0.23552114033584118,
      "High-Efficiency Passing": 0.3030284621924729,
      "High-Line Pressing": 0.18864961769379418,
      "Progressive Dribbling": 0.31601820056926705
    },
    "secondary_identity": "High-Efficiency Passing",
    "trait_scores": {
      "attempted_passes_for": -0.26875315528166066,
      "avg_vertical_distance_against": -1.0069314259630924,
      "avg_vertical_distance_for": -0.6951598494582665,
      "claiming": 0.34250027377604914,
      "dribbling": 1.0566724772168845,
      "interrupting": -0.6046076831073008,
      "pass_completion_percentage_for": -0.3652520666403974,
      "passing": -1.5570837702390594,
      "receiving": -0.09367510138257114
    },
    "z_score": -1.5570837702390594
  },
  "Chicago Stars FC": {
    "explanation": "Chicago Stars FC is classified under Progressive Dribbling primarily due to its below-average Possession Quality (Z-score: -1.7) and above-average Dribbling Impact (g+) (Z-score: +1.6).",
    "hybrid_flag": false,
    "hybrid_margin": 0.12497631625568384,
    "identity": "Progressive Dribbling",
    "metric": "Possession Quality",
    "primary_cluster_id": 3,
    "primary_identity": "Progressive Dribbling",
    "scores": {
      "Balanced Systems": 0.21167476807106156,
      "Direct Attacking": 0.1750681768384571,
      "High-Disruption Defense": 0.18957128840991744,
      "High-Efficiency Passing": 0.1908841709427695,
      "High-Line Pressing": 0.1996387261472743,
      "Progressive Dribbling": 0.2419074730529119
    },
    "secondary_identity": "Balanced Systems",
    "trait_scores": {
      "attempted_passes_for": -0.8750167076792161,
      "avg_vertical_distance_against": -1.419047860000216,
      "avg_vertical_distance_for": 0.8552905759353101,
      "claiming": -1.051805781560123,
      "dribbling": 1.5897866348411809,
      "interrupting": 0.10492753260727232,
      "pass_completion_percentage_for": -1.650115825730278,
      "passing": -1.2303765606854409,
      "receiving": -1.1122907869801941
    },
    "z_score": -1.650115825730278
  },
  "Houston Dash": {
    "explanation": "Houston Dash exhibits a balanced tactical profile with no extreme statistical outliers.",
    "hybrid_flag": false,
    "hybrid_margin": 0.08292759958118243,
    "identity": "Balanced Systems",
    "metric": "Passing Impact (g+)",
    "primary_cluster_id": 4,
    "primary_identity": "Balanced Systems",
    "scores": {
      "Balanced Systems": 0.25063274427146,
      "Direct Attacking": 0.15186696432797647,
      "High-Disruption Defense": 0.18340468464827733,
      "High-Efficiency Passing": 0.211094272360517,
      "High-Line Pressing": 0.19035516593479232,
      "Progressive Dribbling": 0.22984837232965585
    },
    "secondary_identity": "Progressive Dribbling",
    "trait_scores": {
      "attempted_passes_for": -0.7342816431122652,
      "avg_vertical_distance_against": -1.5386708514294425,
      "avg_vertical_distance_for": -0.46234587960397594,
      "claiming": 0.6551898201044325,
      "dribbling": 0.2797031855853395,
      "interrupting": -0.8059238218479348,
      "pass_completion_percentage_for": -0.5596895271161684,
      "passing": -2.7230534126591706,
      "receiving": -0.9875664321485044
    },
    "z_score": -2.7230534126591706
  },
  "Kansas City Current": {
    "explanation": "Kansas City Current is classified under Progressive Dribbling primarily due to its above-average Dribbling Impact (g+) (Z-score: +3.8) and below-average Possession Quality (Z-score: -0.7).",
    "hybrid_flag": true,
    "hybrid_margin": 0.01562125264270537,
    "identity": "Progressive Dribbling",
    "metric": "Dribbling Impact (g+)",
    "primary_cluster_id": 3,
    "primary_identity": "Progressive Dribbling",
    "scores": {
      "Balanced Systems": 0.1645589833203662,
      "Direct Attacking": 0.15524111680376046,
      "High-Disruption Defense": 0.17140225434195525,
      "High-Efficiency Passing": 0.19563556636614546,
      "High-Line Pressing": 0.14790566744560865,
      "Progressive Dribbling": 0.19874013626053827
    },
    "secondary_identity": "High-Efficiency Passing",
    "trait_scores": {
      "attempted_passes_for": -0.3039369214233984,
      "avg_vertical_distance_against": -0.8561161356273873,
      "avg_vertical_distance_for": -0.35337081894496936,
      "claiming": -1.2693531349665248,
      "dribbling": 3.8442423720840226,
      "interrupting": -0.6375576666068394,
      "pass_completion_percentage_for": -0.659535790603726,
      "passing": -0.03180796788438713,
      "receiving": 0.5849640728954892
    },
    "z_score": 3.8442423720840226
  },
  "NJ/NY Gotham FC": {
    "explanation": "NJ/NY Gotham FC is classified under Progressive Dribbling primarily due to its below-average Defensive Disruption (g+) (Z-score: -0.7).",
    "hybrid_flag": false,
    "hybrid_margin": 0.14395866836820356,
    "identity": "Progressive Dribbling",
    "metric": "Defensive Disruption (g+)",
    "primary_cluster_id": 3,
    "primary_identity": "Progressive Dribbling",
    "scores": {
      "Balanced Systems": 0.25229227228197787,
      "Direct Attacking": 0.23851520283374922,
      "High-Disruption Defense": 0.31610360448608854,
      "High-Efficiency Passing": 0.3051961543767168,
      "High-Line Pressing": 0.18533542471822226,
      "Progressive Dribbling": 0.36926208227292795
    },
    "secondary_identity": "High-Disruption Defense",
    "trait_scores": {
      "attempted_passes_for": 0.1193185339533272,
      "avg_vertical_distance_against": 0.22364152449892957,
      "avg_vertical_distance_for": -0.7372078487935071,
      "claiming": 1.012390333881696,
      "dribbling": -0.16813559953651974,
      "interrupting": -0.6541519758456039,
      "pass_completion_percentage_for": -0.25226813690447836,
      "passing": -0.22536187489707526,
      "receiving": 0.47520299106482133
    },
    "z_score": -0.6541519758456039
  },