{
  "Angel City FC": {
    "explanation": "Angel City FC is classified under Advanced Receiving primarily due to its above-average Receiving Impact (g+) (Z-score: +1.2) and above-average Opponent Directness (Z-score: +1.3).",
    "hybrid_flag": false,
    "hybrid_margin": 0.21391035463979582,
    "identity": "Advanced Receiving",
    "metric": "Receiving Impact (g+)",
    "primary_cluster_id": 1,
    "primary_identity": "Advanced Receiving",
    "scores": {
      "Advanced Receiving": 0.3268980117396159,
      "Direct Attacking": 0.25697114190344017,
      "High-Disruption Defense": 0.21510678949438802,
      "High-Efficiency Passing": 0.22326184654884612,
      "High-Line Pressing": 0.24245716826936126,
      "Possession Dominant": 0.18639514904387378
    },
    "secondary_identity": "Direct Attacking",
    "trait_scores": {
      "attempted_passes_for": -0.08506720424176527,
      "avg_vertical_distance_against": 1.294206547576951,
      "avg_vertical_distance_for": 0.20280327293316364,
      "claiming": -2.054105789973699,
      "dribbling": 0.6857448164664709,
      "interrupting": -0.7646160538901484,
      "pass_completion_percentage_for": -0.7838605386052431,
      "passing": -0.14842902123906432,
      "receiving": 1.2015399324762086
    },
    "z_score": 1.2015399324762086
  },
  "Chicago Stars FC": {
    "explanation": "Chicago Stars FC is classified under High-Disruption Defense primarily due to its below-average Opponent Directness (Z-score: -1.2) and below-average Receiving Impact (g+) (Z-score: -1.7).",
    "hybrid_flag": false,
    "hybrid_margin": 0.06092480340702759,
    "identity": "High-Disruption Defense",
    "metric": "Opponent Directness",
    "primary_cluster_id": 0,
    "primary_identity": "High-Disruption Defense",
    "scores": {
      "Advanced Receiving": 0.17955183245764303,
      "Direct Attacking": 0.18128549976014602,
      "High-Disruption Defense": 0.2836157771997237,
      "High-Efficiency Passing": 0.2663365416697744,
      "High-Line Pressing": 0.24823310467968882,
      "Possession Dominant": 0.25605515393385625
    },
    "secondary_identity": "High-Efficiency Passing",
    "trait_scores": {
      "attempted_passes_for": -0.10125382477155864,
      "avg_vertical_distance_against": -1.233565745339554,
      "avg_vertical_distance_for": -0.45524492854062976,
      "claiming": -0.7018897384414221,
      "dribbling": 0.1514587042128609,
      "interrupting": 0.014646977372098004,
      "pass_completion_percentage_for": 0.6114513152802977,
      "passing": -1.4340366756530278,
      "receiving": -1.6631078970537427
    },
    "z_score": -1.233565745339554
  },
  "Houston Dash": {
    "explanation": "Houston Dash is classified under High-Disruption Defense primarily due to its above-average Defensive Disruption (g+) (Z-score: +2.1) and below-average Receiving Impact (g+) (Z-score: -1.0).",
    "hybrid_flag": false,
    "hybrid_margin": 0.15594308707970014,
    "identity": "High-Disruption Defense",
    "metric": "Defensive Disruption (g+)",
    "primary_cluster_id": 0,
    "primary_identity": "High-Disruption Defense",
    "scores": {
      "Advanced Receiving": 0.18517952857167505,
      "Direct Attacking": 0.2436939694941231,
      "High-Disruption Defense": 0.2983310816908689,
      "High-Efficiency Passing": 0.2518084116842255,
      "High-Line Pressing": 0.22459955681447305,
      "Possession Dominant": 0.16882956346695585
    },
    "secondary_identity": "High-Efficiency Passing",
    "trait_scores": {
      "attempted_passes_for": -0.750643815228204,
      "avg_vertical_distance_against": -0.04932997434181024,
      "avg_vertical_distance_for": 0.9256426265291965,
      "claiming": -0.02854929117620401,
      "dribbling": -0.3599649981522923,
      "interrupting": 2.1388327480365463,
      "pass_completion_percentage_for": -0.725436150634665,
      "passing": 0.634215555581256,
      "receiving": -1.004424785061067
    },
    "z_score": 2.1388327480365463
  },
  "Kansas City Current": {
    "explanation": "Kansas City Current is classified under High-Efficiency Passing primarily due to its above-average Claiming Impact (g+) (Z-score: +1.1) and below-average Opponent Directness (Z-score: -0.7).",
    "hybrid_flag": false,
    "hybrid_margin": 0.0327594054149747,
    "identity": "High-Efficiency Passing",
    "metric": "Claiming Impact (g+)",
    "primary_cluster_id": 2,
    "primary_identity": "High-Efficiency Passing",
    "scores": {
      "Advanced Receiving": 0.25828556079198667,
      "Direct Attacking": 0.2387900641205328,
      "High-Disruption Defense": 0.35807199758886393,
      "High-Efficiency Passing": 0.3701995135711263,
      "High-Line Pressing": 0.25208042142326326,
      "Possession Dominant": 0.22431967206627063
    },
    "secondary_identity": "High-Disruption Defense",
    "trait_scores": {
      "attempted_passes_for": -0.1843654084307985,
      "avg_vertical_distance_against": -0.7324090631967741,
      "avg_vertical_distance_for": 0.08816473442010161,
      "claiming": 1.1251059597431958,
      "dribbling": -0.40730446490456834,
      "interrupting": -0.00687017402387198,
      "pass_completion_percentage_for": 0.03408089298283466,
      "passing": 0.2905842055679331,
      "receiving": 1.020720082134297
    },
    "z_score": 1.1251059597431958
  },
  "NJ/NY Gotham FC": {
    "explanation": "NJ/NY Gotham FC is classified under High-Line Pressing primarily due to its below-average Passing Impact (g+) (Z-score: -1.3) and above-average Opponent Directness (Z-score: +1.8).",
    "hybrid_flag": false,
    "hybrid_margin": 0.12518405153195392,
    "identity": "High-Line Pressing",
    "metric": "Passing Impact (g+)",
    "primary_cluster_id": 5,
    "primary_identity": "High-Line Pressing",
    "scores": {
      "Advanced Receiving": 0.22869104666838977,
      "Direct Attacking": 0.22186146849386454,
      "High-Disruption Defense": 0.2459006727794754,
      "High-Efficiency Passing": 0.2689411176838527,
      "High-Line Pressing": 0.3074259428854711,
      "Possession Dominant": 0.2171393710681256
    },
    "secondary_identity": "High-Efficiency Passing",
    "trait_scores": {
      "attempted_passes_for": 0.5327094803914322,
      "avg_vertical_distance_against": 1.7766964088570896,
      "avg_vertical_distance_for": -0.1490544838339101,
      "claiming": 0.5146805264604901,
      "dribbling": -0.6624436535606544,
      "interrupting": -0.47421007308774477,
      "pass_completion_percentage_for": -0.35426945058629317,
      "passing": -1.3349263876894137,
      "receiving": -0.48287370002653995
    },
    "z_score": -1.3349263876894137
  },
  "North Carolina Courage": {
    "explanation": "North Carolina Courage is classified under Possession Dominant primarily due to its above-average Possession Volume (Z-score: +2.5) and below-average Attacking Directness (Z-score: -2.6).",
    "hybrid_flag": false,
    "hybrid_margin": 0.3310036260453059,
    "identity": "Possession Dominant",
    "metric": "Possession Volume",
    "primary_cluster_id": 3,
    "primary_identity": "Possession Dominant",
    "scores": {
      "Advanced Receiving": 0.16503119039610895,
      "Direct Attacking": 0.12005130203056565,
      "High-Disruption Defense": 0.15218941283373633,
      "High-Efficiency Passing": 0.1692279644516893,
      "High-Line Pressing": 0.14442998944775468,
      "Possession Dominant": 0.25295797013416016
    },
    "secondary_identity": "High-Efficiency Passing",
    "trait_scores": {
      "attempted_passes_for": 2.4986995244815313,
      "avg_vertical_distance_against": 0.6084381709705889,
      "avg_vertical_distance_for": -2.6015040935189933,
      "claiming": -1.5156581286400337,
      "dribbling": 1.9574960450355645,
      "interrupting": -0.21435947168998845,
      "pass_completion_percentage_for": 2.3435625821726944,
      "passing": -1.212304048884969,
      "receiving": -0.312788654653575
    },
    "z_score": 2.4986995244815313
  },