{
  "Central Valley Fuego FC": {
    "explanation": "Central Valley Fuego FC is classified under High-Line Pressing primarily due to its below-average Defensive Disruption (g+) (Z-score: -1.8) and below-average Passing Impact (g+) (Z-score: -1.2).",
    "hybrid_flag": false,
    "hybrid_margin": 0.1870273726343845,
    "identity": "High-Line Pressing",
    "metric": "Defensive Disruption (g+)",
    "primary_cluster_id": 5,
    "primary_identity": "High-Line Pressing",
    "scores": {
      "Advanced Receiving": 0.19639045448014894,
      "Direct Attacking": 0.20246131495082423,
      "High-Disruption Defense": 0.2573537302000906,
      "High-Efficiency Passing": 0.25720518232800077,
      "High-Line Pressing": 0.31655891197844616,
      "Possession Dominant": 0.22535618001802693
    },
    "secondary_identity": "High-Disruption Defense",
    "trait_scores": {
      "attempted_passes_for": -0.3261436826938027,
      "avg_vertical_distance_against": -0.7736439031036308,
      "avg_vertical_distance_for": -0.02050256496995821,
      "claiming": -0.0881773793310151,
      "dribbling": 0.4371102555207431,
      "interrupting": -1.7754726470493314,
      "pass_completion_percentage_for": 0.11680246768702383,
      "passing": -1.2324770488025505,
      "receiving": -1.2555077401185957
    },
    "z_score": -1.7754726470493314
  },
  "Charlotte Independence": {
    "explanation": "Charlotte Independence is classified under High-Disruption Defense primarily due to its below-average Opponent Directness (Z-score: -2.4) and above-average Defensive Disruption (g+) (Z-score: +2.4).",
    "hybrid_flag": true,
    "hybrid_margin": 0.006955926741252198,
    "identity": "High-Disruption Defense",
    "metric": "Opponent Directness",
    "primary_cluster_id": 0,
    "primary_identity": "High-Disruption Defense",
    "scores": {
      "Advanced Receiving": 0.1544432302508469,
      "Direct Attacking": 0.14546187796938118,
      "High-Disruption Defense": 0.21573474346098082,
      "High-Efficiency Passing": 0.21423410838296747,
      "High-Line Pressing": 0.1658897236815445,
      "Possession Dominant": 0.20311284041254146
    },
    "secondary_identity": "High-Efficiency Passing",
    "trait_scores": {
      "attempted_passes_for": 0.33847890965058064,
      "avg_vertical_distance_against": -2.379960925347542,
      "avg_vertical_distance_for": -0.33728098471880363,
      "claiming": 1.1341005212282422,
      "dribbling": 1.3293976801522898,
      "interrupting": 2.35763804120641,
      "pass_completion_percentage_for": 1.088735410484117,
      "passing": -0.5392943009624327,
      "receiving": -0.23591336699267132
    },
    "z_score": -2.379960925347542
  },
  "Chattanooga Red Wolves SC": {
    "explanation": "Chattanooga Red Wolves SC is classified under High-Line Pressing primarily due to its below-average Possession Quality (Z-score: -1.0) and below-average Possession Volume (Z-score: -1.2).",
    "hybrid_flag": false,
    "hybrid_margin": 0.1515508690401538,
    "identity": "High-Line Pressing",
    "metric": "Possession Quality",
    "primary_cluster_id": 5,
    "primary_identity": "High-Line Pressing",
    "scores": {
      "Advanced Receiving": 0.19462543161589488,
      "Direct Attacking": 0.25043576858147876,
      "High-Disruption Defense": 0.23525952513762147,
      "High-Efficiency Passing": 0.23204517986292147,
      "High-Line Pressing": 0.2951688670477073,
      "Possession Dominant": 0.16628505746952718
    },
    "secondary_identity": "Direct Attacking",
    "trait_scores": {
      "attempted_passes_for": -1.2267534001592764,
      "avg_vertical_distance_against": 1.0378645431452989,
      "avg_vertical_distance_for": 0.9066638764629915,
      "claiming": 0.8089482504459101,
      "dribbling": 1.6152910252684338,
      "interrupting": 0.9576687207516168,
      "pass_completion_percentage_for": -1.0137090078822326,
      "passing": -0.685177603546193,
      "receiving": -0.4861085828283983
    },
    "z_score": -1.0137090078822326
  },
  "Forward Madison FC": {
    "explanation": "Forward Madison FC is classified under High-Efficiency Passing primarily due to its above-average Possession Quality (Z-score: +1.1) and below-average Attacking Directness (Z-score: -0.8).",
    "hybrid_flag": false,
    "hybrid_margin": 0.08839730482800397,
    "identity": "High-Efficiency Passing",
    "metric": "Possession Quality",
    "primary_cluster_id": 2,
    "primary_identity": "High-Efficiency Passing",
    "scores": {
      "Advanced Receiving": 0.2778715456315614,
      "Direct Attacking": 0.19258845849056613,
      "High-Disruption Defense": 0.3240544950143828,
      "High-Efficiency Passing": 0.3554777720810044,
      "High-Line Pressing": 0.2091449733101993,
      "Possession Dominant": 0.3096982797527064
    },
    "secondary_identity": "High-Disruption Defense",
    "trait_scores": {
      "attempted_passes_for": 0.6906386381216972,
      "avg_vertical_distance_against": -0.5743779740162483,
      "avg_vertical_distance_for": -0.8070011839632822,
      "claiming": -0.8508688899154104,
      "dribbling": -0.42146254379186393,
      "interrupting": 0.13585035473491347,
      "pass_completion_percentage_for": 1.0631582277789329,
      "passing": 0.7467950731262633,
      "receiving": 0.353468909761459
    },
    "z_score": 1.0631582277789329
  },
  "Greenville Triumph SC": {
    "explanation": "Greenville Triumph SC is classified under Direct Attacking primarily due to its below-average Possession Quality (Z-score: -2.4) and above-average Attacking Directness (Z-score: +2.3).",
    "hybrid_flag": false,
    "hybrid_margin": 0.3585695030585822,
    "identity": "Direct Attacking",
    "metric": "Possession Quality",
    "primary_cluster_id": 4,
    "primary_identity": "Direct Attacking",
    "scores": {
      "Advanced Receiving": 0.1757527186326769,
      "Direct Attacking": 0.32791316055757963,
      "High-Disruption Defense": 0.19134914240381756,
      "High-Efficiency Passing": 0.17743373061232307,
      "High-Line Pressing": 0.2103335011715097,
      "Possession Dominant": 0.12690503630675803
    },
    "secondary_identity": "High-Line Pressing",
    "trait_scores": {
      "attempted_passes_for": -1.8248131707404125,
      "avg_vertical_distance_against": 0.6769172527338291,
      "avg_vertical_distance_for": 2.258454068181832,
      "claiming": 0.38845540669422224,
      "dribbling": -0.4951688931439466,
      "interrupting": -0.44510847941925435,
      "pass_completion_percentage_for": -2.4358003662906205,
      "passing": 1.4663588223116841,
      "receiving": 0.06559714659200724
    },
    "z_score": -2.4358003662906205
  },
  "Lexington SC": {
    "explanation": "Lexington SC is classified under High-Efficiency Passing primarily due to its above-average Possession Quality (Z-score: +0.4) and above-average Claiming Impact (g+) (Z-score: +0.5).",
    "hybrid_flag": false,
    "hybrid_margin": 0.0348582161030058,
    "identity": "High-Efficiency Passing",
    "metric": "Possession Quality",
    "primary_cluster_id": 2,
    "primary_identity": "High-Efficiency Passing",
    "scores": {
      "Advanced Receiving": 0.21720827461047842,
      "Direct Attacking": 0.21723142330123996,
      "High-Disruption Defense": 0.3691151174038536,
      "High-Efficiency Passing": 0.3824465209125233,
      "High-Line Pressing": 0.3397851202800907,
      "Possession Dominant": 0.26308225155032344
    },
    "secondary_identity": "High-Disruption Defense",
    "trait_scores": {
      "attempted_passes_for": -0.3616427670231539,
      "avg_vertical_distance_against": 0.0950336518219065,
      "avg_vertical_distance_for": -0.41947512410509474,
      "claiming": 0.450323158259613,
      "dribbling": 0.19148404958057916,
      "interrupting": 0.016334361859300615,
      "pass_completion_percentage_for": 0.41349778706718626,
      "passing": -0.7979847396730145,
      "receiving": -1.1843420070319297
    },
    "z_score": 0.41349778706718626
  },