{
  "Chicago Stars FC": {
    "explanation": "Chicago Stars FC is classified under High-Line Pressing primarily due to its below-average Possession Quality (Z-score: -2.0) and below-average Passing Impact (g+) (Z-score: -1.3).",
    "hybrid_flag": false,
    "hybrid_margin": 0.16582550018626951,
    "identity": "High-Line Pressing",
    "metric": "Possession Quality",
    "primary_cluster_id": 5,
    "primary_identity": "High-Line Pressing",
    "scores": {
      "Advanced Receiving": 0.1779499113170746,
      "Direct Attacking": 0.25393229234516107,
      "High-Disruption Defense": 0.2136572180949542,
      "High-Efficiency Passing": 0.20370942500841618,
      "High-Line Pressing": 0.3044114781351973,
      "Possession Dominant": 0.1570697655843281
    },
    "secondary_identity": "Direct Attacking",
    "trait_scores": {
      "attempted_passes_for": -1.0896280982471716,
      "avg_vertical_distance_against": -0.6600164429047028,
      "avg_vertical_distance_for": 1.4235238397770245,
      "claiming": 0.5963874659233785,
      "dribbling": 1.4181336927921857,
      "interrupting": -0.609273354610938,
      "pass_completion_percentage_for": -1.9784953039799058,
      "passing": -1.336190537681096,
      "receiving": -0.2217951594229409
    },
    "z_score": -1.9784953039799058
  },
  "Houston Dash": {
    "explanation": "Houston Dash is classified under High-Disruption Defense primarily due to its below-average Opponent Directness (Z-score: -1.3) and below-average Possession Volume (Z-score: -0.7).",
    "hybrid_flag": false,
    "hybrid_margin": 0.1993892010657663,
    "identity": "High-Disruption Defense",
    "metric": "Opponent Directness",
    "primary_cluster_id": 0,
    "primary_identity": "High-Disruption Defense",
    "scores": {
      "Advanced Receiving": 0.2263325117951575,
      "Direct Attacking": 0.2585155403416902,
      "High-Disruption Defense": 0.3685398812435853,
      "High-Efficiency Passing": 0.2950570085621652,
      "High-Line Pressing": 0.24961482809586635,
      "Possession Dominant": 0.20623234152635078
    },
    "secondary_identity": "High-Efficiency Passing",
    "trait_scores": {
      "attempted_passes_for": -0.7443626884006854,
      "avg_vertical_distance_against": -1.323901124276803,
      "avg_vertical_distance_for": 0.2871271516954797,
      "claiming": -1.227039321120083,
      "dribbling": -0.22161898685069234,
      "interrupting": 0.4157776048664065,
      "pass_completion_percentage_for": -0.33047972069137205,
      "passing": 0.23552944315952526,
      "receiving": 0.03554822468828335
    },
    "z_score": -1.323901124276803
  },
  "Kansas City Current": {
    "explanation": "Kansas City Current is classified under Direct Attacking primarily due to its above-average Attacking Directness (Z-score: +1.4) and below-average Possession Quality (Z-score: -1.1).",
    "hybrid_flag": false,
    "hybrid_margin": 0.05485328814246172,
    "identity": "Direct Attacking",
    "metric": "Attacking Directness",
    "primary_cluster_id": 4,
    "primary_identity": "Direct Attacking",
    "scores": {
      "Advanced Receiving": 0.19512190089435352,
      "Direct Attacking": 0.3227064213248435,
      "High-Disruption Defense": 0.2380785239465691,
      "High-Efficiency Passing": 0.2137675992209709,
      "High-Line Pressing": 0.3050049129556359,
      "Possession Dominant": 0.15935809982459276
    },
    "secondary_identity": "High-Line Pressing",
    "trait_scores": {
      "attempted_passes_for": -1.2599900671635316,
      "avg_vertical_distance_against": 0.64108022860221,
      "avg_vertical_distance_for": 1.4448772224568605,
      "claiming": -1.3491344525913698,
      "dribbling": -0.625201401290651,
      "interrupting": -0.8025871531987309,
      "pass_completion_percentage_for": -1.1135793240979783,
      "passing": -0.5698972423335024,
      "receiving": -1.0777719690439578
    },
    "z_score": 1.4448772224568605
  },
  "NJ/NY Gotham FC": {
    "explanation": "NJ/NY Gotham FC is classified under Possession Dominant primarily due to its above-average Possession Volume (Z-score: +1.3) and below-average Attacking Directness (Z-score: -1.3).",
    "hybrid_flag": false,
    "hybrid_margin": 0.18012121251189764,
    "identity": "Possession Dominant",
    "metric": "Possession Volume",
    "primary_cluster_id": 3,
    "primary_identity": "Possession Dominant",
    "scores": {
      "Advanced Receiving": 0.1840873714684937,
      "Direct Attacking": 0.15197684587628732,
      "High-Disruption Defense": 0.2289007045912991,
      "High-Efficiency Passing": 0.2611319035598783,
      "High-Line Pressing": 0.19407919426047598,
      "Possession Dominant": 0.31850062195174056
    },
    "secondary_identity": "High-Efficiency Passing",
    "trait_scores": {
      "attempted_passes_for": 1.3413764560011037,
      "avg_vertical_distance_against": 0.034171767255313186,
      "avg_vertical_distance_for": -1.349382094669003,
      "claiming": 1.1823046065799765,
      "dribbling": 0.266667773683322,
      "interrupting": 1.1911099251189334,
      "pass_completion_percentage_for": 1.2970817684783313,
      "passing": -1.5326204146589424,
      "receiving": -0.3196077493421985
    },
    "z_score": 1.3413764560011037
  },
  "North Carolina Courage": {
    "explanation": "North Carolina Courage is classified under Advanced Receiving primarily due to its above-average Receiving Impact (g+) (Z-score: +1.0) and below-average Defensive Disruption (g+) (Z-score: -1.8).",
    "hybrid_flag": false,
    "hybrid_margin": 0.22090109790821885,
    "identity": "Advanced Receiving",
    "metric": "Receiving Impact (g+)",
    "primary_cluster_id": 1,
    "primary_identity": "Advanced Receiving",
    "scores": {
      "Advanced Receiving": 0.3258450308305919,
      "Direct Attacking": 0.19127186852879874,
      "High-Disruption Defense": 0.21285092245706677,
      "High-Efficiency Passing": 0.2538655055512756,
      "High-Line Pressing": 0.22542278323868137,
      "Possession Dominant": 0.2209222517249744
    },
    "secondary_identity": "High-Efficiency Passing",
    "trait_scores": {
      "attempted_passes_for": 0.6734457236759438,
      "avg_vertical_distance_against": 1.0191062766615864,
      "avg_vertical_distance_for": -0.3852126898412162,
      "claiming": 0.6675403051585053,
      "dribbling": 1.362980095628546,
      "interrupting": -1.768408957451855,
      "pass_completion_percentage_for": 0.5081381381806317,
      "passing": 0.6792099845850486,
      "receiving": 1.0028954419950582
    },
    "z_score": 1.0028954419950582
  },
  "Orlando Pride": {
    "explanation": "Orlando Pride is classified under High-Disruption Defense primarily due to its above-average Defensive Disruption (g+) (Z-score: +1.3) and below-average Dribbling Impact (g+) (Z-score: -1.4).",
    "hybrid_flag": false,
    "hybrid_margin": 0.2210346449729673,
    "identity": "High-Disruption Defense",
    "metric": "Defensive Disruption (g+)",
    "primary_cluster_id": 0,
    "primary_identity": "High-Disruption Defense",
    "scores": {
      "Advanced Receiving": 0.18796667582417548,
      "Direct Attacking": 0.23379906994842162,
      "High-Disruption Defense": 0.35351230821766694,
      "High-Efficiency Passing": 0.2753738404561661,
      "High-Line Pressing": 0.22078945376708947,
      "Possession Dominant": 0.17961505202172787
    },
    "secondary_identity": "High-Efficiency Passing",
    "trait_scores": {
      "attempted_passes_for": -0.7857184679260335,
      "avg_vertical_distance_against": -0.7358450886735391,
      "avg_vertical_distance_for": 0.6625032832858209,
      "claiming": 0.08262173755239186,
      "dribbling": -1.3523425163918708,
      "interrupting": 1.2506697619032265,
      "pass_completion_percentage_for": -0.10840669882979512,
      "passing": 0.8616887503351276,
      "receiving": -0.9421272096220081
    },
    "z_score": 1.2506697619032265
  },