{
  "Chattanooga Red Wolves SC": {
    "explanation": "Chattanooga Red Wolves SC is classified under Direct Attacking primarily due to its above-average Opponent Directness (Z-score: +1.5) and above-average Passing Impact (g+) (Z-score: +1.1).",
    "hybrid_flag": false,
    "hybrid_margin": 0.07203531859101589,
    "identity": "Direct Attacking",
    "metric": "Opponent Directness",
    "primary_cluster_id": 5,
    "primary_identity": "Direct Attacking",
    "scores": {
      "Balanced Systems": 0.21078674221714155,
      "Direct Attacking": 0.29759744134265376,
      "High-Disruption Defense": 0.2761599147716292,
      "High-Efficiency Passing": 0.20926513653353912,
      "High-Line Pressing": 0.1807892637024324,
      "Progressive Dribbling": 0.27291502228270664
    },
    "secondary_identity": "High-Disruption Defense",
    "trait_scores": {
      "attempted_passes_for": 0.02715807189549179,
      "avg_vertical_distance_against": 1.4687078663720428,
      "avg_vertical_distance_for": -0.13804372972159196,
      "claiming": -0.4152989470411362,
      "dribbling": -0.7909605936692524,
      "interrupting": -1.035766018726888,
      "pass_completion_percentage_for": 0.06040831980655618,
      "passing": 1.0948389545512967,
      "receiving": 0.8378251387188579
    },
    "z_score": 1.4687078663720428
  },
  "FC Tucson": {
    "explanation": "FC Tucson is classified under Progressive Dribbling primarily due to its above-average Dribbling Impact (g+) (Z-score: +1.0) and below-average Receiving Impact (g+) (Z-score: -0.7).",
    "hybrid_flag": false,
    "hybrid_margin": 0.2339038885858919,
    "identity": "Progressive Dribbling",
    "metric": "Dribbling Impact (g+)",
    "primary_cluster_id": 3,
    "primary_identity": "Progressive Dribbling",
    "scores": {
      "Balanced Systems": 0.3021706707902801,
      "Direct Attacking": 0.21871835631939454,
      "High-Disruption Defense": 0.2979023995427953,
      "High-Efficiency Passing": 0.3212005949812702,
      "High-Line Pressing": 0.20977952474305256,
      "Progressive Dribbling": 0.41926931938380674
    },
    "secondary_identity": "High-Efficiency Passing",
    "trait_scores": {
      "attempted_passes_for": -0.15768798305811543,
      "avg_vertical_distance_against": 0.12827920999696546,
      "avg_vertical_distance_for": 0.10780591478483359,
      "claiming": -0.1788344324689601,
      "dribbling": 0.963956971543094,
      "interrupting": -0.34273332956723684,
      "pass_completion_percentage_for": 0.5438744377463054,
      "passing": -0.08586254261802416,
      "receiving": -0.724596033102494
    },
    "z_score": 0.963956971543094
  },
  "Fort Lauderdale CF": {
    "explanation": "Fort Lauderdale CF is classified under High-Efficiency Passing primarily due to its above-average Possession Quality (Z-score: +1.0) and below-average Attacking Directness (Z-score: -0.9).",
    "hybrid_flag": false,
    "hybrid_margin": 0.17074517127532393,
    "identity": "High-Efficiency Passing",
    "metric": "Possession Quality",
    "primary_cluster_id": 0,
    "primary_identity": "High-Efficiency Passing",
    "scores": {
      "Balanced Systems": 0.24948945916098528,
      "Direct Attacking": 0.18352200179730882,
      "High-Disruption Defense": 0.3020518063095095,
      "High-Efficiency Passing": 0.3642448569697024,
      "High-Line Pressing": 0.16638062625955613,
      "Progressive Dribbling": 0.2743369221335756
    },
    "secondary_identity": "High-Disruption Defense",
    "trait_scores": {
      "attempted_passes_for": -0.16661520730303395,
      "avg_vertical_distance_against": -1.1265544173923188,
      "avg_vertical_distance_for": -0.8626364744097822,
      "claiming": 0.7119413036017547,
      "dribbling": -0.023911479599512057,
      "interrupting": -0.20869389808332062,
      "pass_completion_percentage_for": 1.0247130224363825,
      "passing": 0.39885325261749816,
      "receiving": -0.5765873656497017
    },
    "z_score": 1.0247130224363825
  },
  "Forward Madison FC": {
    "explanation": "Forward Madison FC is classified under High-Efficiency Passing primarily due to its above-average Possession Quality (Z-score: +0.8) and below-average Attacking Directness (Z-score: -0.6).",
    "hybrid_flag": true,
    "hybrid_margin": 0.02003887681383479,
    "identity": "High-Efficiency Passing",
    "metric": "Possession Quality",
    "primary_cluster_id": 0,
    "primary_identity": "High-Efficiency Passing",
    "scores": {
      "Balanced Systems": 0.27929054597430814,
      "Direct Attacking": 0.20230874439329813,
      "High-Disruption Defense": 0.3047658772254333,
      "High-Efficiency Passing": 0.37462299810468386,
      "High-Line Pressing": 0.1893730519867543,
      "Progressive Dribbling": 0.36711597397399576
    },
    "secondary_identity": "Progressive Dribbling",
    "trait_scores": {
      "attempted_passes_for": 0.09805073501690365,
      "avg_vertical_distance_against": -0.13974350653278492,
      "avg_vertical_distance_for": -0.6253712985767144,
      "claiming": -0.5482754622946657,
      "dribbling": 0.6597222952606295,
      "interrupting": -0.44787957217746294,
      "pass_completion_percentage_for": 0.7987451629645413,
      "passing": -0.33086461929333577,
      "receiving": -0.47686262546606095
    },
    "z_score": 0.7987451629645413
  },
  "Greenville Triumph SC": {
    "explanation": "Greenville Triumph SC is classified under Direct Attacking primarily due to its above-average Attacking Directness (Z-score: +0.9) and above-average Passing Impact (g+) (Z-score: +1.4).",
    "hybrid_flag": true,
    "hybrid_margin": 0.01985432529788231,
    "identity": "Direct Attacking",
    "metric": "Attacking Directness",
    "primary_cluster_id": 5,
    "primary_identity": "Direct Attacking",
    "scores": {
      "Balanced Systems": 0.20792028353024447,
      "Direct Attacking": 0.32311760876765205,
      "High-Disruption Defense": 0.3167023266338509,
      "High-Efficiency Passing": 0.21536775867886443,
      "High-Line Pressing": 0.17755319933608263,
      "Progressive Dribbling": 0.27591722072380265
    },
    "secondary_identity": "High-Disruption Defense",
    "trait_scores": {
      "attempted_passes_for": -0.20626258556723095,
      "avg_vertical_distance_against": -0.27165437328880554,
      "avg_vertical_distance_for": 0.9460633835739567,
      "claiming": 0.6846783360393156,
      "dribbling": -0.7550476431690649,
      "interrupting": -0.38161247444301505,
      "pass_completion_percentage_for": -0.6490256576050341,
      "passing": 1.353855180231625,
      "receiving": 0.6662584402364076
    },
    "z_score": 0.9460633835739567
  },
  "New England Revolution II": {
    "explanation": "New England Revolution II is classified under Progressive Dribbling primarily due to its above-average Dribbling Impact (g+) (Z-score: +1.3) and above-average Opponent Directness (Z-score: +0.5).",
    "hybrid_flag": true,
    "hybrid_margin": 0.02240079427154732,
    "identity": "Progressive Dribbling",
    "metric": "Dribbling Impact (g+)",
    "primary_cluster_id": 3,
    "primary_identity": "Progressive Dribbling",
    "scores": {
      "Balanced Systems": 0.22306655266894657,
      "Direct Attacking": 0.20154400933116642,
      "High-Disruption Defense": 0.26590963659855565,
      "High-Efficiency Passing": 0.2844992883328603,
      "High-Line Pressing": 0.17366167343202604,
      "Progressive Dribbling": 0.29101833009701356
    },
    "secondary_identity": "High-Efficiency Passing",
    "trait_scores": {
      "attempted_passes_for": 0.09831330043587184,
      "avg_vertical_distance_against": 0.523696736538701,
      "avg_vertical_distance_for": -0.6194098619979939,
      "claiming": -1.306631070204962,
      "dribbling": 1.2784456775168467,
      "interrupting": -0.33895188299291623,
      "pass_completion_percentage_for": 0.9642797576939145,
      "passing": 0.4950635963257957,
      "receiving": -0.19557134094075024
    },
    "z_score": 1.2784456775168467
  },