{
  "Angel City FC": {
    "explanation": "Angel City FC is classified under Progressive Dribbling primarily due to its below-average Passing Impact (g+) (Z-score: -1.8) and below-average Possession Quality (Z-score: -1.2).",
    "hybrid_flag": false,
    "hybrid_margin": 0.13779891821785634,
    "identity": "Progressive Dribbling",
    "metric": "Passing Impact (g+)",
    "primary_cluster_id": 3,
    "primary_identity": "Progressive Dribbling",
    "scores": {
      "Balanced Systems": 0.2873532805596563,
      "Direct Attacking": 0.2198287580327417,
      "High-Disruption Defense": 0.22600938546330937,
      "High-Efficiency Passing": 0.20661398026848088,
      "High-Line Pressing": 0.2540542771707829,
      "Progressive Dribbling": 0.3332787290216624
    },
    "secondary_identity": "Balanced Systems",
    "trait_scores": {
      "attempted_passes_for": -0.34253403801172266,
      "avg_vertical_distance_against": 0.27363322240965104,
      "avg_vertical_distance_for": 0.46080244606612486,
      "claiming": 0.022577695237222747,
      "dribbling": -0.5556902287058731,
      "interrupting": -0.5263721233997617,
      "pass_completion_percentage_for": -1.2349655722820134,
      "passing": -1.7915091306841693,
      "receiving": -0.7949599119951049
    },
    "z_score": -1.7915091306841693
  },
  "Chicago Stars FC": {
    "explanation": "Chicago Stars FC is classified under Progressive Dribbling primarily due to its below-average Passing Impact (g+) (Z-score: -1.8) and above-average Dribbling Impact (g+) (Z-score: +1.5).",
    "hybrid_flag": false,
    "hybrid_margin": 0.17668562956992193,
    "identity": "Progressive Dribbling",
    "metric": "Passing Impact (g+)",
    "primary_cluster_id": 3,
    "primary_identity": "Progressive Dribbling",
    "scores": {
      "Balanced Systems": 0.2543381891036871,
      "Direct Attacking": 0.18242214983933575,
      "High-Disruption Defense": 0.21202396351704608,
      "High-Efficiency Passing": 0.2591315988362932,
      "High-Line Pressing": 0.19879095248807052,
      "Progressive Dribbling": 0.31474198473860626
    },
    "secondary_identity": "High-Efficiency Passing",
    "trait_scores": {
      "attempted_passes_for": 0.15030125339157388,
      "avg_vertical_distance_against": 0.18677789851854476,
      "avg_vertical_distance_for": -0.5353138633275125,
      "claiming": 0.48270982124002165,
      "dribbling": 1.471555287842556,
      "interrupting": -1.0444853736919468,
      "pass_completion_percentage_for": -0.4440780641305741,
      "passing": -1.8381222300701292,
      "receiving": -0.17168484782082596
    },
    "z_score": -1.8381222300701292
  },
  "Houston Dash": {
    "explanation": "Houston Dash is classified under Progressive Dribbling primarily due to its below-average Possession Quality (Z-score: -2.0) and above-average Dribbling Impact (g+) (Z-score: +0.5).",
    "hybrid_flag": false,
    "hybrid_margin": 0.21105738568186957,
    "identity": "Progressive Dribbling",
    "metric": "Possession Quality",
    "primary_cluster_id": 3,
    "primary_identity": "Progressive Dribbling",
    "scores": {
      "Balanced Systems": 0.24824084634215934,
      "Direct Attacking": 0.27983237915195897,
      "High-Disruption Defense": 0.23545774924191964,
      "High-Efficiency Passing": 0.19873973739882592,
      "High-Line Pressing": 0.2550263639956014,
      "Progressive Dribbling": 0.35469294506910454
    },
    "secondary_identity": "Direct Attacking",
    "trait_scores": {
      "attempted_passes_for": -0.40896308901067524,
      "avg_vertical_distance_against": 0.34126904899474475,
      "avg_vertical_distance_for": 0.815945094515756,
      "claiming": -0.47761430146956846,
      "dribbling": 0.4596017902157605,
      "interrupting": -0.6180997376321816,
      "pass_completion_percentage_for": -1.9627922824413124,
      "passing": -0.12900043524263202,
      "receiving": -0.5312048535112361
    },
    "z_score": -1.9627922824413124
  },
  "Kansas City Current": {
    "explanation": "Kansas City Current is classified under Direct Attacking primarily due to its below-average Possession Quality (Z-score: -2.3) and above-average Attacking Directness (Z-score: +1.3).",
    "hybrid_flag": false,
    "hybrid_margin": 0.3572273510867621,
    "identity": "Direct Attacking",
    "metric": "Possession Quality",
    "primary_cluster_id": 5,
    "primary_identity": "Direct Attacking",
    "scores": {
      "Balanced Systems": 0.18931643685439137,
      "Direct Attacking": 0.3951059435138842,
      "High-Disruption Defense": 0.2313373442531598,
      "High-Efficiency Passing": 0.16894292065107547,
      "High-Line Pressing": 0.19583089323016978,
      "Progressive Dribbling": 0.2539632935565561
    },
    "secondary_identity": "Progressive Dribbling",
    "trait_scores": {
      "attempted_passes_for": -0.2482730526021417,
      "avg_vertical_distance_against": 0.9067213631781988,
      "avg_vertical_distance_for": 1.3182159977282037,
      "claiming": -0.01358746581499241,
      "dribbling": -1.1870999918824754,
      "interrupting": 0.07267509750493878,
      "pass_completion_percentage_for": -2.3201368043967783,
      "passing": 0.48127609123999754,
      "receiving": 0.24237811274769921
    },
    "z_score": -2.3201368043967783
  },
  "NJ/NY Gotham FC": {
    "explanation": "NJ/NY Gotham FC is classified under Progressive Dribbling primarily due to its below-average Passing Impact (g+) (Z-score: -1.7) and below-average Possession Quality (Z-score: -1.0).",
    "hybrid_flag": false,
    "hybrid_margin": 0.17849931657918955,
    "identity": "Progressive Dribbling",
    "metric": "Passing Impact (g+)",
    "primary_cluster_id": 3,
    "primary_identity": "Progressive Dribbling",
    "scores": {
      "Balanced Systems": 0.25935708400086677,
      "Direct Attacking": 0.20273099656130156,
      "High-Disruption Defense": 0.23920820454534378,
      "High-Efficiency Passing": 0.23820287951535155,
      "High-Line Pressing": 0.20342409830568597,
      "Progressive Dribbling": 0.31571134317183697
    },
    "secondary_identity": "Balanced Systems",
    "trait_scores": {
      "attempted_passes_for": -0.3217913699132355,
      "avg_vertical_distance_against": -0.4021999205640725,
      "avg_vertical_distance_for": 0.15168208800421512,
      "claiming": 1.271666719271423,
      "dribbling": -0.22727511961650967,
      "interrupting": 0.04475480507998155,
      "pass_completion_percentage_for": -0.9695847140650854,
      "passing": -1.655371683206861,
      "receiving": -0.5062964783327056
    },
    "z_score": -1.655371683206861
  },
  "North Carolina Courage": {
    "explanation": "North Carolina Courage is classified under Progressive Dribbling primarily due to its above-average Dribbling Impact (g+) (Z-score: +0.9) and above-average Opponent Directness (Z-score: +0.5).",
    "hybrid_flag": true,
    "hybrid_margin": 0.04566035680012397,
    "identity": "Progressive Dribbling",
    "metric": "Dribbling Impact (g+)",
    "primary_cluster_id": 3,
    "primary_identity": "Progressive Dribbling",
    "scores": {
      "Balanced Systems": 0.18011473984547308,
      "Direct Attacking": 0.20277522430865433,
      "High-Disruption Defense": 0.23284004309463568,
      "High-Efficiency Passing": 0.22019746061299664,
      "High-Line Pressing": 0.15724062118678261,
      "Progressive Dribbling": 0.2439802692881849
    },
    "secondary_identity": "High-Disruption Defense",
    "trait_scores": {
      "attempted_passes_for": 0.43833551799968057,
      "avg_vertical_distance_against": 0.49996118248865196,
      "avg_vertical_distance_for": -0.8236089362744266,
      "claiming": -2.694816867516913,
      "dribbling": 0.9101113923734901,
      "interrupting": -0.17098957156072886,
      "pass_completion_percentage_for": -0.052575609929365795,
      "passing": -0.021911183411841312,
      "receiving": 0.7065315420818414
    },
    "z_score": 0.9101113923734901
  },